Date,Solar_Irradiance_MJ_m2,Temperature_C,Relative_Humidity_pct,Cloud_Fraction,Wind_Speed_ms,Precipitation_mm
2019-01-01,3.4099,11.56,43.05,16.58,1.43,0.0
2019-01-02,3.2508,13.93,41.76,13.9,1.09,0.0
2019-01-03,2.9621,11.75,52.09,13.01,2.05,0.0
2019-01-04,2.243,11.43,55.33,75.69,1.42,0.0
2019-01-05,3.0211,12.79,52.08,35.21,1.57,0.0
2019-01-06,1.8187,12.34,63.8,64.55,1.67,0.9
2019-01-07,2.8879,12.43,67.93,9.03,2.04,0.06
2019-01-08,3.2846,12.23,60.67,36.61,2.16,0.0
2019-01-09,3.7186,12.44,49.31,0.23,2.71,0.0
2019-01-10,3.5518,13.08,44.41,41.81,1.86,0.0
2019-01-11,3.1142,14.44,36.52,16.32,0.72,0.0
2019-01-12,2.8282,15.27,36.57,39.64,0.79,0.0
2019-01-13,2.43,13.77,57.53,34.48,1.8,0.0
2019-01-14,4.1518,11.85,42.14,4.62,3.56,0.0
2019-01-15,3.1219,11.0,34.47,92.02,2.61,0.0
2019-01-16,3.1865,13.61,31.15,72.13,0.83,0.0
2019-01-17,3.5448,12.18,36.62,10.45,1.6,0.0
2019-01-18,3.601,12.39,45.86,8.16,1.73,0.0
2019-01-19,3.5491,14.79,41.06,33.07,1.56,0.0
2019-01-20,3.5597,18.05,35.15,79.15,1.06,0.0
2019-01-21,1.7162,16.12,51.0,98.09,2.92,14.89
2019-01-22,1.9442,13.94,77.31,89.45,2.42,18.7
2019-01-23,2.8366,14.31,68.17,33.8,1.79,0.01
2019-01-24,2.5656,14.36,63.81,71.77,1.96,1.0
2019-01-25,3.2316,11.3,64.11,34.32,2.34,1.19
2019-01-26,4.2499,10.02,56.6,1.55,1.85,0.0
2019-01-27,3.0922,9.42,52.8,32.82,2.34,0.0
2019-01-28,4.2828,9.55,47.06,0.31,2.71,0.0
2019-01-29,4.6366,10.37,42.77,12.07,2.47,0.0
2019-01-30,3.5342,11.29,42.05,79.19,1.49,0.0
2019-01-31,2.7542,13.3,42.03,88.6,2.07,0.03
2019-02-01,3.0744,13.51,51.54,65.86,1.43,0.0
2019-02-02,2.2798,12.07,56.52,59.57,1.87,0.0
2019-02-03,2.4509,12.78,56.4,59.85,1.6,0.0
2019-02-04,3.3535,13.98,48.33,47.39,1.47,0.0
2019-02-05,2.7223,16.96,49.18,49.49,1.28,0.02
2019-02-06,3.0703,17.5,71.34,50.11,2.28,3.84
2019-02-07,1.4297,16.32,75.74,81.04,3.25,10.76
2019-02-08,4.6522,12.79,56.55,7.16,2.05,0.23
2019-02-09,4.7534,11.93,49.2,3.54,2.61,0.0
2019-02-10,3.7337,12.85,44.8,72.59,1.49,0.0
2019-02-11,3.7774,14.17,46.28,64.74,1.11,0.0
2019-02-12,3.7738,15.61,42.6,82.61,0.92,0.0
2019-02-13,3.3389,16.68,41.56,97.76,0.95,0.0
2019-02-14,2.0618,17.04,56.1,81.73,2.67,2.5
2019-02-15,2.8032,15.98,77.94,78.38,1.22,4.9
2019-02-16,2.4331,15.24,72.56,73.97,1.36,0.08
2019-02-17,4.2331,14.73,55.01,55.47,2.23,0.0
2019-02-18,3.287,17.07,44.98,77.14,1.52,0.09
2019-02-19,3.7637,18.26,51.55,68.62,1.3,0.67
2019-02-20,1.5782,18.0,59.04,99.55,1.92,1.37
2019-02-21,3.9389,20.54,50.58,89.97,2.26,0.15
2019-02-22,4.2648,18.46,58.68,30.12,2.75,0.0
2019-02-23,5.4046,14.79,48.33,44.82,2.96,0.0
2019-02-24,5.003,16.13,40.92,45.2,1.91,0.0
2019-02-25,4.5749,16.82,42.04,49.27,1.25,0.0
2019-02-26,2.6923,16.36,51.12,94.69,1.54,2.54
2019-02-27,3.7476,13.76,62.49,43.28,1.89,0.75
2019-02-28,5.5517,14.0,49.59,7.01,2.08,0.0
2019-03-01,5.3959,15.54,39.93,16.92,1.77,0.0
2019-03-02,1.6985,16.57,52.56,99.72,1.67,6.42
2019-03-03,3.5995,17.16,65.43,62.1,1.88,0.22
2019-03-04,4.1443,17.75,62.05,29.55,1.71,0.27
2019-03-05,5.4017,17.12,51.86,15.94,2.24,0.0
2019-03-06,6.0482,16.6,44.5,4.28,2.22,0.0
2019-03-07,5.6054,18.11,38.22,8.73,1.75,0.0
2019-03-08,5.0974,19.64,41.94,20.65,1.46,0.0
2019-03-09,5.3602,19.57,44.42,19.21,2.37,0.0
2019-03-10,6.0761,19.31,42.91,0.2,1.73,0.0
2019-03-11,5.0366,21.09,41.6,37.04,2.7,0.15
2019-03-12,4.4234,20.25,49.53,63.6,2.47,0.02
2019-03-13,2.5519,18.75,42.05,90.19,1.82,0.0
2019-03-14,3.6178,19.6,44.28,48.39,2.16,1.22
2019-03-15,6.0247,19.24,46.77,1.8,2.16,0.0
2019-03-16,5.7161,19.56,42.35,45.15,1.99,0.0
2019-03-17,5.9011,20.47,36.75,40.73,1.68,0.0
2019-03-18,6.0526,20.84,37.72,23.1,1.59,0.0
2019-03-19,6.282,22.27,39.14,3.09,2.15,0.0
2019-03-20,5.6522,24.06,37.13,50.49,2.26,0.27
2019-03-21,5.8133,23.62,42.59,15.83,1.26,0.02
2019-03-22,6.5722,22.79,31.29,3.97,3.15,0.0
2019-03-23,6.3929,22.53,34.86,8.69,3.4,0.0
2019-03-24,6.3245,24.56,41.03,14.61,2.91,0.0
2019-03-25,5.387,23.89,42.13,41.91,2.28,0.01
2019-03-26,6.7886,23.4,35.68,0.96,2.65,0.0
2019-03-27,5.5862,24.01,32.52,53.06,2.15,0.0
2019-03-28,6.0778,27.03,30.98,30.55,1.8,0.0
2019-03-29,6.2868,28.79,34.06,27.13,1.49,0.0
2019-03-30,6.2316,29.59,34.57,49.97,1.0,0.22
2019-03-31,6.5172,27.13,26.72,6.85,2.88,0.01
2019-04-01,7.1906,25.45,24.6,4.78,2.85,0.0
2019-04-02,6.972,27.42,21.75,13.9,1.63,0.0
2019-04-03,6.9434,28.54,22.53,4.8,1.73,0.0
2019-04-04,6.7104,29.88,25.93,15.54,1.48,0.0
2019-04-05,6.5124,31.11,26.92,25.28,1.28,0.0
2019-04-06,6.4805,32.15,28.1,46.02,1.65,0.0
2019-04-07,5.5438,30.87,26.69,77.67,1.64,0.0
2019-04-08,6.2904,29.78,27.78,32.24,1.43,1.23
2019-04-09,6.6334,29.81,26.97,29.78,1.39,0.16
2019-04-10,6.4891,31.7,23.45,24.88,1.45,0.0
2019-04-11,6.4289,32.1,26.95,37.9,2.09,0.0
2019-04-12,5.7641,32.13,24.25,66.89,2.33,0.01
2019-04-13,6.775,32.12,29.12,22.5,2.69,0.09
2019-04-14,6.9122,32.44,27.56,17.98,3.09,0.0
2019-04-15,6.5676,33.51,27.35,43.83,3.56,0.0
2019-04-16,2.8476,28.37,43.59,99.14,2.83,0.53
2019-04-17,4.5242,23.42,67.98,90.18,2.74,15.18
2019-04-18,6.2914,24.64,57.4,30.33,1.38,1.78
2019-04-19,6.8244,26.47,41.33,5.41,1.83,0.0
2019-04-20,6.8086,27.59,37.53,11.61,1.6,0.0
2019-04-21,7.0963,29.92,33.14,3.49,2.01,0.0
2019-04-22,7.1942,31.49,30.88,2.96,1.82,0.0
2019-04-23,7.0913,32.75,31.42,4.34,1.89,0.0
2019-04-24,6.7416,33.42,29.27,32.01,1.29,0.0
2019-04-25,6.2719,34.19,24.03,44.76,1.83,0.0
2019-04-26,6.877,33.65,24.76,20.13,2.8,0.24
2019-04-27,7.3661,34.06,19.99,11.37,4.33,0.0
2019-04-28,7.4227,33.99,17.23,10.49,3.97,0.0
2019-04-29,7.3063,34.29,16.07,11.27,2.45,0.0
2019-04-30,7.2473,34.17,15.18,35.66,2.46,0.0
2019-05-01,7.1347,34.45,14.16,48.42,1.69,0.0
2019-05-02,6.3806,34.25,17.22,72.54,2.3,0.01
2019-05-03,6.5381,33.09,21.77,67.52,1.7,0.69
2019-05-04,7.2718,32.0,17.48,28.92,2.74,0.77
2019-05-05,7.9493,32.1,14.15,10.72,3.14,0.0
2019-05-06,7.8862,33.04,12.43,30.61,3.1,0.0
2019-05-07,7.0834,34.07,11.85,53.4,3.01,0.0
2019-05-08,7.14,35.14,14.89,61.4,3.39,0.0
2019-05-09,6.9362,35.84,19.03,58.21,4.21,0.0
2019-05-10,7.2154,35.79,20.52,64.0,3.51,0.0
2019-05-11,6.8501,34.99,24.91,48.71,2.63,0.0
2019-05-12,5.7703,34.17,25.47,54.71,2.93,0.0
2019-05-13,5.9758,34.63,22.78,62.79,1.5,0.09
2019-05-14,6.6466,32.9,31.73,43.13,2.46,1.69
2019-05-15,4.9987,34.09,26.85,61.05,1.11,0.17
2019-05-16,5.6316,33.74,29.3,48.56,1.94,2.96
2019-05-17,6.3955,32.41,36.95,65.15,2.82,2.93
2019-05-18,7.0632,29.45,48.9,26.53,2.45,1.96
2019-05-19,7.5341,31.63,34.46,5.23,3.11,0.0
2019-05-20,7.2931,33.54,26.76,9.17,2.73,0.0
2019-05-21,6.5366,34.03,25.5,36.2,3.42,0.0
2019-05-22,5.0724,35.04,24.45,67.44,2.33,0.0
2019-05-23,6.2707,34.97,28.24,71.99,1.69,2.92
2019-05-24,6.257,33.88,35.38,38.99,2.62,0.03
2019-05-25,7.7743,33.24,30.61,11.48,4.4,0.0
2019-05-26,7.8768,33.8,24.94,5.1,3.31,0.0
2019-05-27,7.6817,35.11,19.9,10.1,3.45,0.0
2019-05-28,7.8034,35.58,15.52,2.75,3.45,0.0
2019-05-29,7.9387,37.31,16.29,5.55,3.06,0.0
2019-05-30,7.6176,38.43,13.91,9.73,2.53,0.0
2019-05-31,7.3258,38.75,13.57,19.14,2.76,0.0
2019-06-01,7.2233,39.91,16.3,48.3,1.68,0.0
2019-06-02,7.219,39.71,14.69,67.27,2.12,0.0
2019-06-03,6.8083,38.47,15.99,63.22,1.85,0.0
2019-06-04,6.8153,38.0,21.46,56.98,1.88,0.0
2019-06-05,6.7327,39.36,17.07,57.38,1.42,0.0
2019-06-06,6.563,38.97,19.26,70.9,2.02,2.01
2019-06-07,7.1239,36.58,20.59,42.72,2.05,0.24
2019-06-08,7.5206,38.2,14.85,51.29,1.82,0.0
2019-06-09,7.5286,38.91,14.93,57.19,2.9,0.0
2019-06-10,7.1206,39.61,12.97,64.58,2.39,0.0
2019-06-11,6.3156,40.02,14.56,84.02,2.39,0.0
2019-06-12,6.7154,40.26,18.0,57.06,2.53,1.01
2019-06-13,6.7968,38.1,27.02,70.53,2.07,0.0
2019-06-14,7.5691,38.13,18.63,41.23,3.5,0.0
2019-06-15,6.8273,38.25,23.14,70.23,4.8,0.0
2019-06-16,4.1294,37.03,34.06,82.04,5.14,0.07
2019-06-17,3.0197,35.17,41.94,89.71,3.98,0.86
2019-06-18,5.0458,34.1,45.49,75.37,2.25,1.7
2019-06-19,6.4572,34.08,38.25,60.67,1.7,0.0
2019-06-20,7.1174,34.34,38.35,49.26,1.47,0.0
2019-06-21,5.969,36.39,25.91,72.6,1.33,0.0
2019-06-22,6.858,37.3,24.37,22.21,1.53,0.0
2019-06-23,6.9667,36.64,36.75,26.53,2.84,0.53
2019-06-24,5.274,34.34,52.85,72.12,3.07,3.06
2019-06-25,5.6026,36.23,44.27,75.31,1.51,0.25
2019-06-26,6.3629,38.05,33.18,46.19,2.64,0.04
2019-06-27,6.2647,37.89,29.21,45.82,3.19,0.0
2019-06-28,6.1176,38.04,32.23,39.82,3.12,0.0
2019-06-29,6.6156,38.83,28.29,42.88,3.04,0.0
2019-06-30,6.1133,39.38,26.85,62.91,1.92,0.44
2019-07-01,6.6281,39.06,26.11,63.86,1.47,0.19
2019-07-02,5.6174,39.01,25.65,72.73,1.86,0.01
2019-07-03,5.9726,37.36,38.51,78.11,2.6,1.98
2019-07-04,3.4128,37.28,37.41,96.14,1.42,0.44
2019-07-05,2.8879,35.48,47.34,99.11,1.38,15.56
2019-07-06,5.521,35.07,50.95,86.1,2.08,1.22
2019-07-07,5.171,34.15,53.41,90.46,1.29,6.79
2019-07-08,5.1902,36.36,47.71,86.56,1.45,1.9
2019-07-09,3.5815,33.61,58.86,98.8,2.47,14.95
2019-07-10,5.0198,34.48,53.56,93.36,3.04,7.46
2019-07-11,4.8074,34.81,50.41,98.75,3.79,5.12
2019-07-12,4.8703,35.32,44.7,97.6,4.08,0.24
2019-07-13,5.3458,35.46,42.1,90.88,4.06,1.01
2019-07-14,5.5327,35.24,42.39,90.36,2.5,1.13
2019-07-15,3.7536,33.1,61.06,95.42,1.67,27.03
2019-07-16,4.1539,31.62,66.18,81.24,1.36,17.2
2019-07-17,4.47,31.13,66.13,75.61,0.99,10.63
2019-07-18,3.1032,30.42,69.9,93.96,0.54,3.29
2019-07-19,6.2261,33.31,56.68,66.26,0.87,0.78
2019-07-20,4.7222,33.41,56.69,86.1,1.27,2.09
2019-07-21,4.8502,32.84,62.51,74.55,1.74,7.09
2019-07-22,5.6057,33.64,60.18,80.56,1.41,1.84
2019-07-23,5.7571,34.03,59.55,81.58,1.08,4.5
2019-07-24,4.9745,34.55,60.0,98.16,2.4,8.67
2019-07-25,2.2075,29.94,78.5,99.35,1.68,10.94
2019-07-26,2.6726,29.71,76.08,98.8,1.44,12.25
2019-07-27,3.053,28.89,80.19,96.75,3.16,14.46
2019-07-28,4.8216,29.72,77.63,89.02,3.49,3.6
2019-07-29,5.5056,31.02,72.45,74.36,3.35,0.64
2019-07-30,4.6368,31.44,67.72,97.02,2.91,0.54
2019-07-31,4.5646,30.84,68.89,98.81,1.71,0.12
2019-08-01,5.1115,31.25,67.46,85.83,2.48,0.38
2019-08-02,3.4858,29.95,78.99,97.54,2.12,14.44
2019-08-03,3.5374,28.93,83.91,96.75,2.0,3.47
2019-08-04,3.769,29.02,84.78,97.27,0.78,7.69
2019-08-05,4.3032,31.69,72.67,87.66,0.96,6.35
2019-08-06,1.2408,31.45,75.18,96.39,0.82,37.68
2019-08-07,4.0603,29.93,79.99,95.49,1.09,11.39
2019-08-08,6.0029,30.2,77.19,76.8,1.6,0.16
2019-08-09,4.7455,29.8,77.29,88.86,4.14,1.1
2019-08-10,4.5415,28.97,79.33,72.21,3.47,1.32
2019-08-11,5.8642,30.36,75.5,65.12,1.58,0.76
2019-08-12,4.4875,30.65,74.37,96.55,1.31,0.18
2019-08-13,3.5009,31.79,72.15,94.67,1.2,4.44
2019-08-14,5.1958,30.87,76.14,85.7,1.43,7.16
2019-08-15,5.1449,29.31,82.43,84.54,2.75,12.37
2019-08-16,4.2852,28.23,82.44,84.95,3.78,5.96
2019-08-17,2.6755,28.22,86.93,97.98,3.64,7.53
2019-08-18,2.8668,28.3,86.8,94.11,1.62,18.9
2019-08-19,5.495,29.07,79.24,61.68,1.71,3.45
2019-08-20,5.8116,28.76,78.17,62.51,2.06,0.46
2019-08-21,6.0665,29.35,72.03,67.19,2.0,0.06
2019-08-22,4.7434,29.36,69.42,90.1,1.51,0.21
2019-08-23,5.6438,30.45,66.36,64.41,1.14,1.71
2019-08-24,3.1027,31.47,63.56,98.65,1.18,0.79
2019-08-25,3.2347,28.64,81.88,97.31,1.39,8.49
2019-08-26,5.9215,29.58,75.02,72.21,1.64,0.13
2019-08-27,5.8949,30.9,70.27,64.72,1.2,0.0
2019-08-28,6.0936,31.27,70.53,58.84,1.75,0.0
2019-08-29,5.4151,31.23,68.93,72.06,1.45,0.62
2019-08-30,5.7331,30.69,72.79,66.49,0.99,0.65
2019-08-31,5.4305,31.93,67.5,67.67,0.66,16.64
2019-09-01,3.3125,29.96,80.35,96.24,1.62,12.23
2019-09-02,5.3261,30.74,75.19,49.42,0.81,0.32
2019-09-03,4.457,32.24,65.95,69.28,0.7,0.55
2019-09-04,4.0718,30.69,75.42,94.14,1.64,1.69
2019-09-05,4.4045,30.75,72.63,96.98,1.3,0.41
2019-09-06,4.7249,30.97,72.01,81.48,0.73,0.96
2019-09-07,3.7766,29.85,79.41,97.99,0.94,5.85
2019-09-08,5.274,30.02,77.98,59.62,0.95,6.12
2019-09-09,5.502,31.25,67.66,29.06,0.83,0.88
2019-09-10,5.1271,30.75,63.04,13.51,1.35,0.04
2019-09-11,5.3388,31.65,56.41,27.95,0.97,0.0
2019-09-12,4.4227,31.97,56.26,92.95,1.18,0.1
2019-09-13,5.0551,30.92,69.42,64.07,2.18,0.45
2019-09-14,4.0248,30.74,69.45,84.64,2.01,0.11
2019-09-15,3.6307,30.67,68.85,83.78,0.54,0.8
2019-09-16,4.991,30.9,64.08,23.08,1.4,0.62
2019-09-17,4.4539,30.93,62.71,54.08,1.27,1.84
2019-09-18,5.3858,30.89,62.45,17.16,1.41,0.0
2019-09-19,4.2989,28.77,69.72,49.81,2.24,0.02
2019-09-20,4.7004,29.39,67.41,43.11,1.64,0.0
2019-09-21,4.8463,29.76,67.61,44.45,1.0,6.45
2019-09-22,2.7247,28.04,78.53,60.35,2.0,23.14
2019-09-23,4.4532,27.68,71.21,51.8,1.53,1.93
2019-09-24,4.0678,27.79,73.6,35.31,1.76,1.81
2019-09-25,4.241,27.42,77.18,38.24,1.93,2.43
2019-09-26,4.1194,26.89,79.1,69.11,2.56,1.55
2019-09-27,3.623,26.89,79.57,52.47,2.68,0.58
2019-09-28,3.4404,26.62,80.73,73.99,3.31,4.52
2019-09-29,2.9911,26.73,75.99,80.84,2.55,1.26
2019-09-30,3.5009,26.19,77.54,55.48,2.18,0.68
2019-10-01,3.7114,27.15,71.75,52.74,1.2,0.35
2019-10-02,4.8511,27.73,66.8,13.88,0.95,0.84
2019-10-03,5.0525,27.1,66.03,31.32,1.18,6.74
2019-10-04,4.9428,26.16,66.92,33.31,1.71,5.18
2019-10-05,5.3213,25.91,62.72,10.0,2.23,0.0
2019-10-06,5.227,25.77,61.28,18.08,1.82,0.0
2019-10-07,4.2821,26.24,58.36,54.13,2.23,0.0
2019-10-08,5.2685,25.98,53.89,0.01,1.76,0.0
2019-10-09,5.3474,26.33,52.59,3.59,1.08,0.0
2019-10-10,5.1269,26.1,53.16,5.94,1.21,0.0
2019-10-11,4.9776,25.83,52.93,1.55,1.04,0.0
2019-10-12,4.6824,26.02,57.01,1.43,1.33,0.0
2019-10-13,4.5648,26.36,53.58,4.89,1.61,0.0
2019-10-14,4.5715,26.71,53.91,9.99,1.37,0.0
2019-10-15,4.2965,26.41,52.14,0.6,1.33,0.0
2019-10-16,4.2079,26.11,51.65,1.05,1.23,0.06
2019-10-17,4.2533,26.78,52.82,1.68,0.93,0.0
2019-10-18,4.0798,27.14,57.76,26.49,1.38,0.15
2019-10-19,3.5969,26.42,55.11,48.65,0.75,0.04
2019-10-20,4.0673,24.84,47.41,28.73,1.9,0.0
2019-10-21,4.597,23.85,48.9,9.13,2.41,0.0
2019-10-22,4.3366,23.5,45.31,29.66,2.47,0.0
2019-10-23,4.7086,24.15,41.77,25.89,1.76,0.0
2019-10-24,4.362,23.58,48.19,0.23,1.41,0.0
2019-10-25,4.1218,23.43,56.65,1.28,1.32,0.0
2019-10-26,4.0246,23.73,57.77,1.6,1.06,0.0
2019-10-27,3.666,23.99,48.49,8.45,1.46,0.0
2019-10-28,3.0113,24.08,49.86,46.11,1.37,0.0
2019-10-29,2.179,24.24,49.24,92.68,1.08,0.0
2019-10-30,2.4811,25.07,42.23,70.3,1.27,0.0
2019-10-31,3.6355,25.01,40.97,2.94,1.46,0.0
2019-11-01,3.4274,24.36,46.12,38.5,1.17,0.0
2019-11-02,2.7998,24.39,47.88,65.3,1.46,0.01
2019-11-03,1.8091,23.63,52.37,73.26,1.85,0.14
2019-11-04,3.0098,23.43,54.12,4.87,2.51,0.14
2019-11-05,4.0262,22.74,50.83,0.86,2.48,0.0
2019-11-06,3.5926,23.65,43.22,30.17,1.22,0.0
2019-11-07,1.4424,22.39,59.85,84.41,1.62,0.39
2019-11-08,3.4442,23.4,59.19,13.97,1.75,0.05
2019-11-09,3.9118,22.78,49.6,0.37,2.4,0.0
2019-11-10,3.4238,21.62,44.3,3.75,2.41,0.0
2019-11-11,3.216,20.63,41.16,24.25,1.77,0.0
2019-11-12,3.187,20.19,41.5,25.2,1.97,0.0
2019-11-13,2.6162,21.01,43.81,66.1,1.44,0.0
2019-11-14,1.7074,21.87,48.01,87.88,0.99,0.0
2019-11-15,2.8063,20.57,52.96,50.37,1.18,0.0
2019-11-16,3.1822,20.98,55.83,30.98,3.03,0.0
2019-11-17,3.941,21.16,50.4,16.93,4.31,0.0
2019-11-18,3.8765,19.46,52.27,51.5,2.58,0.0
2019-11-19,3.7176,19.71,47.71,21.27,1.52,0.0
2019-11-20,3.7123,20.23,41.92,8.21,0.83,0.0
2019-11-21,2.9566,19.58,45.38,62.64,1.14,0.0
2019-11-22,2.8558,19.96,47.93,65.39,1.39,0.0
2019-11-23,2.4617,20.78,52.55,68.89,2.47,0.0
2019-11-24,2.693,21.44,58.38,72.2,2.35,0.0
2019-11-25,3.049,22.17,50.31,35.37,1.17,0.0
2019-11-26,2.7852,21.61,54.3,77.4,1.41,0.0
2019-11-27,2.4283,20.46,58.52,47.43,1.94,0.2
2019-11-28,1.7966,19.89,79.52,49.36,3.16,8.52
2019-11-29,2.7509,18.32,80.21,4.04,1.51,4.15
2019-11-30,2.8296,16.88,64.27,7.4,1.83,0.0
2019-12-01,2.9016,15.73,52.23,7.47,1.93,0.0
2019-12-02,3.4769,15.02,46.21,0.78,2.05,0.0
2019-12-03,3.8966,15.21,44.3,10.8,2.03,0.0
2019-12-04,3.3168,15.45,38.96,40.35,1.43,0.0
2019-12-05,2.7648,16.07,38.18,58.47,0.75,0.0
2019-12-06,2.6335,16.89,40.5,70.05,0.73,0.0
2019-12-07,2.7178,17.61,45.3,9.62,0.92,0.0
2019-12-08,2.6292,17.15,49.85,4.78,0.96,0.0
2019-12-09,2.4842,15.48,51.06,6.07,0.96,0.0
2019-12-10,2.5133,15.88,44.54,11.15,1.22,0.0
2019-12-11,2.047,16.45,43.17,64.13,0.89,0.0
2019-12-12,1.3092,15.52,62.93,96.78,2.19,12.65
2019-12-13,0.8659,15.18,87.83,91.43,2.0,26.34
2019-12-14,1.9985,13.77,70.02,73.72,1.11,0.1
2019-12-15,2.6009,13.01,58.09,28.71,1.69,0.0
2019-12-16,0.8014,11.31,69.08,88.07,2.14,0.0
2019-12-17,1.038,10.7,68.59,85.33,2.08,0.0
2019-12-18,2.221,10.32,61.57,75.48,1.93,0.0
2019-12-19,1.5792,11.15,53.53,77.13,1.22,0.0
2019-12-20,1.8826,12.84,53.73,85.31,1.25,0.0
2019-12-21,1.8437,14.46,61.31,68.32,1.78,0.0
2019-12-22,2.033,12.17,61.69,75.16,2.25,0.0
2019-12-23,2.069,11.95,52.72,69.4,1.84,0.0
2019-12-24,2.1506,10.65,50.31,57.3,1.22,0.0
2019-12-25,1.8991,9.79,53.33,76.22,1.92,0.0
2019-12-26,2.2025,9.14,52.22,63.44,2.24,0.0
2019-12-27,2.2205,7.52,60.38,54.13,1.53,0.0
2019-12-28,1.6094,7.48,56.31,68.68,1.36,0.0
2019-12-29,1.8977,8.9,49.97,54.52,1.01,0.0
2019-12-30,0.6996,8.55,54.65,97.53,1.46,0.0
2019-12-31,2.057,8.04,56.81,66.67,1.19,0.0
2020-01-01,2.8546,10.65,48.65,69.85,1.54,0.0
2020-01-02,3.0194,12.48,72.65,45.45,1.48,0.06
2020-01-03,3.0859,14.64,74.02,8.07,1.14,0.06
2020-01-04,2.5205,13.88,66.9,11.58,1.38,0.09
2020-01-05,2.9916,12.81,54.56,36.86,1.61,0.0
2020-01-06,1.5031,13.7,55.23,90.59,1.5,0.02
2020-01-07,1.6507,14.59,75.14,97.67,2.0,0.89
2020-01-08,0.6134,13.18,86.74,95.63,1.79,9.69
2020-01-09,2.9129,9.67,67.72,48.45,2.59,0.15
2020-01-10,3.786,8.99,55.02,29.24,2.1,0.0
2020-01-11,3.7214,10.4,43.57,34.7,1.54,0.0
2020-01-12,3.695,13.13,38.27,32.94,1.22,0.0
2020-01-13,2.2711,14.82,57.85,81.58,2.15,0.27
2020-01-14,2.2894,14.25,70.79,40.22,1.43,0.02
2020-01-15,2.5512,13.32,67.25,33.65,1.33,0.0
2020-01-16,1.2043,12.64,81.97,92.38,1.96,3.03
2020-01-17,2.3383,12.85,76.27,66.86,1.57,7.54
2020-01-18,1.6865,12.95,67.51,61.15,1.3,0.0
2020-01-19,3.1397,11.06,66.46,43.63,1.92,0.0
2020-01-20,2.2138,11.01,67.55,97.7,1.42,0.0
2020-01-21,2.4365,13.13,50.6,66.59,1.18,0.0
2020-01-22,2.647,12.91,51.7,43.47,2.05,0.0
2020-01-23,4.1803,11.36,58.68,15.51,3.52,0.0
2020-01-24,4.5626,11.46,48.89,18.95,2.95,0.0
2020-01-25,3.8746,11.77,47.91,15.37,1.42,0.0
2020-01-26,4.032,14.12,54.88,11.01,1.62,0.0
2020-01-27,2.5303,15.98,58.08,80.24,1.66,0.44
2020-01-28,2.387,14.23,74.55,79.39,1.93,5.96
2020-01-29,3.6922,13.94,68.64,32.03,1.27,1.26
2020-01-30,4.3414,12.01,61.52,1.72,2.38,0.0
2020-01-31,4.1878,11.83,57.77,9.48,1.81,0.0
2020-02-01,4.1652,12.39,53.14,9.68,1.35,0.0
2020-02-02,4.1856,11.46,59.41,15.19,2.04,0.0
2020-02-03,4.4395,12.08,55.59,1.5,1.49,0.0
2020-02-04,3.895,12.61,49.46,10.0,1.2,0.0
2020-02-05,3.8258,12.66,51.35,25.14,2.04,0.0
2020-02-06,4.0495,12.14,53.86,0.42,1.41,0.0
2020-02-07,4.0951,12.41,51.66,5.04,1.57,0.0
2020-02-08,4.2907,11.94,56.28,0.17,1.89,0.0
2020-02-09,4.2919,12.83,53.56,34.06,1.51,0.0
2020-02-10,4.2086,13.52,48.55,5.69,1.55,0.0
2020-02-11,4.1566,14.23,48.24,18.51,1.37,0.0
2020-02-12,4.2893,15.65,49.44,11.35,2.32,0.0
2020-02-13,4.7815,18.71,51.77,1.7,3.6,0.0
2020-02-14,5.1288,17.74,47.16,4.34,4.06,0.0
2020-02-15,5.4775,15.62,40.25,0.47,2.85,0.0
2020-02-16,5.3304,16.12,38.31,0.26,2.05,0.0
2020-02-17,5.1674,16.46,35.09,5.71,2.16,0.0
2020-02-18,5.4437,16.31,35.2,8.82,2.16,0.0
2020-02-19,4.1753,18.39,32.59,66.41,2.3,0.0
2020-02-20,4.3613,19.08,41.89,57.03,3.74,1.75
2020-02-21,1.7657,17.18,66.77,72.83,3.3,9.08
2020-02-22,3.4634,17.31,69.15,25.89,1.65,0.08
2020-02-23,3.5414,19.26,58.34,30.83,0.89,0.29
2020-02-24,4.3944,18.91,57.48,2.65,1.87,0.0
2020-02-25,4.439,18.45,54.38,19.05,1.66,0.57
2020-02-26,4.6152,18.91,58.02,10.41,1.5,0.0
2020-02-27,3.9708,18.11,62.36,53.52,1.56,0.0
2020-02-28,3.9799,19.58,61.01,72.74,2.91,0.0
2020-02-29,3.9017,19.94,66.2,60.65,2.61,5.39
2020-03-01,4.9493,20.47,65.14,33.25,1.48,1.02
2020-03-02,4.8799,20.93,53.4,7.85,1.14,0.0
2020-03-03,4.8048,21.0,48.75,2.91,1.48,0.0
2020-03-04,4.2782,21.23,52.15,39.59,1.48,4.16
2020-03-05,4.188,20.19,71.64,70.47,2.43,6.15
2020-03-06,3.3353,17.96,81.39,89.32,3.09,37.97
2020-03-07,3.3718,18.0,66.53,55.79,1.47,0.16
2020-03-08,5.6021,18.14,55.99,22.31,1.67,0.0
2020-03-09,5.9021,17.52,55.0,2.23,2.89,0.0
2020-03-10,5.1713,18.18,48.01,39.91,1.34,0.0
2020-03-11,4.7047,19.97,63.72,58.44,2.35,0.53
2020-03-12,5.2574,21.01,62.18,38.62,2.09,1.86
2020-03-13,5.6726,20.02,43.93,18.09,1.36,1.99
2020-03-14,3.7512,16.97,59.4,57.08,1.48,4.09
2020-03-15,5.4192,17.73,54.72,20.73,0.9,2.8
2020-03-16,4.7419,19.27,55.0,44.23,1.48,0.0
2020-03-17,6.1486,20.39,51.54,0.36,2.13,0.0
2020-03-18,5.9179,21.42,50.0,18.07,2.15,0.0
2020-03-19,6.0355,22.65,53.47,18.42,1.58,0.0
2020-03-20,5.101,23.72,50.62,64.71,0.97,0.01
2020-03-21,5.1722,24.72,44.77,49.27,0.81,0.0
2020-03-22,6.2294,24.18,45.67,27.04,1.74,0.0
2020-03-23,5.7492,23.77,48.31,53.63,1.37,0.0
2020-03-24,4.1554,24.48,48.4,80.07,1.34,0.48
2020-03-25,5.9969,25.36,48.98,45.32,2.13,0.0
2020-03-26,3.6838,24.0,54.76,81.67,2.63,0.24
2020-03-27,3.2815,22.54,63.23,79.48,2.21,3.74
2020-03-28,6.9158,22.74,55.7,7.07,2.32,0.04
2020-03-29,6.7966,23.1,45.17,0.18,3.21,0.0
2020-03-30,6.9031,22.86,46.48,9.91,2.92,0.0
2020-03-31,5.9753,23.69,47.46,47.68,2.64,0.01
2020-04-01,6.6914,25.71,49.42,13.73,1.82,0.67
2020-04-02,6.7226,24.36,46.16,11.81,3.13,0.0
2020-04-03,7.2497,23.15,40.75,17.43,2.95,0.0
2020-04-04,7.2694,23.96,39.21,0.25,2.5,0.0
2020-04-05,6.6307,25.81,39.12,11.89,1.53,0.0
2020-04-06,7.0678,26.62,34.49,7.84,2.46,0.0
2020-04-07,6.793,26.81,37.94,53.1,2.7,0.0
2020-04-08,6.9754,25.96,40.49,24.89,2.63,0.0
2020-04-09,6.7774,25.51,38.14,46.01,2.49,0.0
2020-04-10,6.8366,27.89,35.3,18.56,2.15,0.0
2020-04-11,6.8945,29.14,35.87,21.55,1.97,0.0
2020-04-12,7.0392,28.96,36.52,39.87,2.87,0.0
2020-04-13,6.7178,30.33,39.78,46.34,2.47,0.0
2020-04-14,5.6674,32.34,36.41,82.57,0.98,0.0
2020-04-15,6.1212,31.98,27.76,54.43,1.65,0.0
2020-04-16,6.4978,30.81,31.38,64.68,2.59,0.0
2020-04-17,6.2155,29.68,30.04,65.42,1.52,0.05
2020-04-18,6.0187,29.8,32.88,77.56,1.96,2.06
2020-04-19,6.6672,28.88,40.73,51.53,2.26,1.36
2020-04-20,3.6631,24.65,48.49,70.15,2.4,0.07
2020-04-21,6.5786,27.72,44.75,29.2,1.83,0.01
2020-04-22,7.237,28.48,35.47,33.61,1.74,0.0
2020-04-23,4.4556,28.45,36.28,79.92,2.18,0.19
2020-04-24,7.2523,30.77,32.51,20.49,1.4,0.01
2020-04-25,5.9035,31.94,29.52,56.09,1.03,0.1
2020-04-26,4.0992,30.15,41.13,53.86,2.54,11.86
2020-04-27,6.9706,28.01,51.82,8.41,3.26,1.69
2020-04-28,6.2832,28.88,48.66,29.27,1.57,0.42
2020-04-29,6.2532,30.99,40.89,36.09,1.04,0.0
2020-04-30,6.4994,31.94,40.54,58.16,1.17,0.05
2020-05-01,6.8923,32.37,39.08,3.14,1.99,0.35
2020-05-02,7.111,32.65,38.61,48.67,2.46,0.0
2020-05-03,4.1297,31.26,43.39,90.09,2.69,8.73
2020-05-04,6.6034,30.68,48.83,43.04,1.46,0.31
2020-05-05,7.0531,31.56,41.75,17.09,1.4,0.07
2020-05-06,5.4365,31.67,35.47,70.01,1.59,0.17
2020-05-07,7.621,30.16,45.41,16.01,2.16,3.85
2020-05-08,7.565,32.75,33.04,1.58,1.62,0.0
2020-05-09,7.2187,33.4,30.61,38.35,1.44,0.0
2020-05-10,3.4289,30.98,44.02,93.01,2.03,7.12
2020-05-11,6.0163,30.14,46.03,77.33,1.89,0.0
2020-05-12,6.4188,31.41,37.9,64.82,1.2,0.22
2020-05-13,3.9077,32.66,34.93,80.17,1.43,0.18
2020-05-14,6.7615,33.67,35.71,49.51,1.26,0.02
2020-05-15,7.0716,33.41,33.82,20.16,3.31,0.09
2020-05-16,7.6356,33.13,28.31,4.49,3.9,0.0
2020-05-17,6.6514,34.34,25.48,40.91,2.17,0.0
2020-05-18,7.3142,34.03,22.57,39.05,2.49,0.0
2020-05-19,7.5792,33.72,17.27,46.6,2.62,0.0
2020-05-20,8.1835,33.12,18.47,7.27,2.95,0.0
2020-05-21,7.9397,34.13,17.42,4.3,3.89,0.0
2020-05-22,7.969,36.52,15.93,11.42,1.86,0.0
2020-05-23,7.0056,38.66,15.66,50.88,2.01,0.0
2020-05-24,7.579,38.32,15.52,41.07,3.19,0.0
2020-05-25,7.9462,37.83,18.47,29.95,3.06,0.0
2020-05-26,7.5576,38.37,15.49,52.06,3.35,0.0
2020-05-27,7.0279,38.92,14.54,66.47,2.09,0.0
2020-05-28,6.2282,36.75,26.53,73.96,4.83,0.02
2020-05-29,5.8711,34.91,32.66,98.51,4.37,3.28
2020-05-30,6.323,31.65,43.82,57.53,2.81,8.01
2020-05-31,5.2262,29.66,55.57,82.25,1.3,19.66
2020-06-01,6.9643,31.02,50.07,51.9,1.83,1.36
2020-06-02,6.7135,31.92,45.23,67.61,1.4,2.3
2020-06-03,6.8263,33.32,40.7,62.19,1.25,0.12
2020-06-04,3.4286,31.8,47.52,98.12,2.31,3.03
2020-06-05,5.9009,31.1,48.71,82.42,1.92,0.57
2020-06-06,6.5506,31.45,46.92,68.3,1.7,0.62
2020-06-07,6.1474,32.46,47.06,57.06,1.44,7.69
2020-06-08,7.1201,33.31,42.82,64.22,1.54,0.08
2020-06-09,7.0373,35.16,38.61,56.85,1.66,0.02
2020-06-10,6.5405,36.36,36.95,73.81,1.51,0.02
2020-06-11,6.5813,36.53,37.36,40.69,1.31,0.09
2020-06-12,6.0494,37.27,35.85,36.34,1.16,0.0
2020-06-13,4.121,36.62,35.26,81.9,1.68,0.1
2020-06-14,5.9148,36.06,37.18,57.56,1.47,0.51
2020-06-15,6.7939,36.41,33.6,35.92,1.26,0.06
2020-06-16,6.7774,36.84,24.35,59.12,1.34,0.08
2020-06-17,7.0289,36.2,28.93,40.74,1.76,0.03
2020-06-18,7.0087,36.92,31.28,47.02,2.11,0.36
2020-06-19,6.1882,37.8,31.93,81.13,2.07,0.0
2020-06-20,4.7575,37.92,34.46,81.24,2.19,2.87
2020-06-21,6.5707,35.59,42.69,64.46,1.74,0.05
2020-06-22,6.6761,34.3,47.89,49.65,1.48,8.06
2020-06-23,6.4502,34.31,49.71,64.06,3.53,1.16
2020-06-24,4.1851,33.17,58.96,92.62,2.51,1.86
2020-06-25,5.5042,34.7,54.81,81.99,1.53,3.93
2020-06-26,5.1089,34.31,54.76,74.23,1.89,0.22
2020-06-27,5.8546,37.26,39.75,77.63,3.57,0.56
2020-06-28,6.3026,37.44,38.99,82.48,3.68,0.2
2020-06-29,5.8298,37.66,36.9,94.8,2.74,0.43
2020-06-30,5.6971,35.02,49.62,95.04,2.51,2.14
2020-07-01,4.9416,36.08,44.8,95.55,1.54,0.26
2020-07-02,5.5313,36.19,45.85,73.21,2.24,3.82
2020-07-03,5.521,36.94,45.15,76.73,2.14,3.85
2020-07-04,5.4691,37.1,44.15,81.13,2.71,2.27
2020-07-05,5.3777,31.4,69.04,79.29,1.83,21.62
2020-07-06,4.9409,33.47,53.64,93.63,1.53,0.18
2020-07-07,4.4508,29.93,69.84,87.41,4.22,10.88
2020-07-08,4.3927,31.14,67.13,89.69,2.55,3.29
2020-07-09,5.9376,33.49,59.02,72.8,1.96,1.58
2020-07-10,5.6885,35.76,48.42,84.08,3.73,1.88
2020-07-11,5.4482,34.82,52.15,83.16,2.64,3.9
2020-07-12,5.4482,33.47,57.19,80.99,1.3,3.88
2020-07-13,6.7884,34.0,54.58,59.75,2.33,0.0
2020-07-14,6.1937,35.47,45.06,78.43,1.48,0.0
2020-07-15,5.0479,34.56,49.81,59.01,2.68,0.12
2020-07-16,5.0532,33.74,54.73,90.98,3.21,0.75
2020-07-17,4.7172,32.7,64.36,87.76,2.53,14.68
2020-07-18,3.9355,33.22,64.27,93.74,1.23,16.49
2020-07-19,3.8712,32.57,70.35,85.02,2.16,15.68
2020-07-20,4.0524,33.67,61.08,95.8,2.56,12.68
2020-07-21,3.9266,31.48,72.15,97.23,1.53,13.9
2020-07-22,3.3202,28.55,82.11,91.53,1.3,28.18
2020-07-23,6.6022,30.15,69.45,46.13,1.84,0.34
2020-07-24,5.7374,30.61,66.57,79.82,2.23,0.86
2020-07-25,4.8701,30.51,69.98,83.05,2.23,3.09
2020-07-26,6.2767,30.7,70.96,45.56,1.23,6.41
2020-07-27,6.1399,32.87,59.49,67.13,1.89,0.64
2020-07-28,5.9549,33.66,61.7,92.89,1.92,9.68
2020-07-29,4.447,32.25,67.28,97.15,2.29,11.15
2020-07-30,4.0668,29.33,80.17,93.52,1.25,14.06
2020-07-31,4.7023,30.84,74.8,92.94,1.31,6.4
2020-08-01,4.7681,31.59,70.23,95.63,1.44,3.73
2020-08-02,6.3394,31.96,66.49,60.52,1.8,0.75
2020-08-03,5.1252,32.62,68.15,95.2,2.19,0.94
2020-08-04,5.467,32.75,67.88,73.5,1.72,0.9
2020-08-05,3.3394,31.51,70.77,93.54,1.85,1.44
2020-08-06,5.9582,31.28,70.14,78.93,4.39,2.2
2020-08-07,5.1142,31.24,71.99,80.1,3.17,1.03
2020-08-08,6.1644,32.28,68.19,60.49,0.84,5.28
2020-08-09,3.9283,32.29,68.06,96.37,0.66,4.54
2020-08-10,4.109,30.59,78.02,98.11,1.92,5.2
2020-08-11,3.8371,29.26,85.53,93.16,1.86,17.59
2020-08-12,4.4273,30.92,79.06,95.29,1.91,11.17
2020-08-13,1.2823,29.18,87.46,98.67,1.39,15.95
2020-08-14,3.745,28.63,87.63,92.75,1.91,11.54
2020-08-15,4.8187,29.72,80.26,72.2,2.3,0.53
2020-08-16,4.9394,30.54,78.65,79.52,1.81,0.18
2020-08-17,4.2797,31.06,77.07,84.12,1.72,1.97
2020-08-18,4.3651,30.52,80.73,93.91,1.33,5.55
2020-08-19,0.9038,29.98,84.86,98.79,0.98,16.01
2020-08-20,2.3412,27.99,90.13,99.34,1.93,25.43
2020-08-21,5.7394,28.19,81.39,74.36,2.71,0.16
2020-08-22,5.3621,28.34,81.03,71.53,2.9,0.17
2020-08-23,4.7582,28.36,82.92,57.14,3.27,1.39
2020-08-24,4.8187,28.8,80.1,58.91,3.07,0.21
2020-08-25,4.4242,29.16,79.91,63.42,2.41,0.04
2020-08-26,5.6599,29.85,76.93,60.48,1.92,0.1
2020-08-27,5.0498,29.39,81.61,78.97,1.44,7.29
2020-08-28,3.2227,29.63,79.08,81.6,0.98,18.28
2020-08-29,5.0038,29.0,80.06,63.68,1.56,5.97
2020-08-30,3.4502,28.07,81.54,69.31,4.88,0.37
2020-08-31,5.1694,28.69,76.99,56.34,2.79,0.06
2020-09-01,5.7466,29.55,75.65,51.3,1.5,0.0
2020-09-02,4.9354,28.85,78.06,90.14,0.94,0.0
2020-09-03,4.8331,29.11,78.3,66.3,2.25,0.01
2020-09-04,4.6656,29.77,76.28,59.43,1.69,0.29
2020-09-05,5.3546,29.96,74.73,56.62,1.16,2.46
2020-09-06,5.4526,29.44,74.8,49.57,1.04,0.76
2020-09-07,4.8019,29.98,72.21,55.05,1.03,7.42
2020-09-08,5.5102,29.8,70.64,41.7,1.66,0.75
2020-09-09,5.7619,30.15,66.45,37.9,1.65,0.0
2020-09-10,5.9808,30.66,65.53,32.41,1.95,0.0
2020-09-11,5.8896,31.0,62.95,40.87,1.46,0.0
2020-09-12,5.6153,30.31,62.61,31.95,1.47,0.0
2020-09-13,5.0707,30.83,58.41,52.2,1.26,0.02
2020-09-14,4.5012,30.43,55.98,72.55,1.38,0.11
2020-09-15,4.9951,30.64,54.07,26.9,1.36,0.0
2020-09-16,5.3746,31.47,57.27,32.28,1.5,0.0
2020-09-17,5.7883,31.74,57.11,30.6,2.44,0.0
2020-09-18,5.6707,31.88,53.55,32.07,2.41,0.0
2020-09-19,5.2157,31.84,51.78,65.54,1.5,0.0
2020-09-20,5.3467,30.74,55.09,41.22,1.86,0.0
2020-09-21,5.1067,31.06,51.79,54.53,1.77,0.0
2020-09-22,5.2015,31.44,60.02,51.24,1.47,1.87
2020-09-23,4.9039,30.75,64.69,56.42,1.79,0.62
2020-09-24,4.9704,31.27,57.44,42.0,1.67,0.02
2020-09-25,5.6558,30.79,45.9,13.76,2.08,0.06
2020-09-26,4.3471,29.91,46.85,49.49,1.48,0.0
2020-09-27,5.507,29.53,46.65,35.63,1.29,0.0
2020-09-28,5.7046,29.76,43.04,11.19,1.82,0.0
2020-09-29,5.5841,28.48,45.66,23.62,2.3,0.0
2020-09-30,5.7406,28.03,46.09,8.14,2.44,0.0
2020-10-01,5.6813,28.45,41.74,4.48,2.22,0.0
2020-10-02,5.7792,28.83,38.92,14.18,1.59,0.0
2020-10-03,5.6779,28.11,36.83,6.66,1.75,0.0
2020-10-04,5.712,27.33,36.03,7.23,1.67,0.0
2020-10-05,5.8294,27.6,36.51,20.3,2.04,0.0
2020-10-06,5.7533,27.62,34.67,26.51,1.99,0.0
2020-10-07,5.6719,27.71,34.79,17.66,1.6,0.0
2020-10-08,5.4715,27.6,34.8,14.19,1.71,0.0
2020-10-09,5.2452,27.6,36.76,13.41,1.21,0.0
2020-10-10,5.1326,27.68,39.89,3.43,1.81,0.0
2020-10-11,4.9531,27.51,39.49,25.37,1.72,0.0
2020-10-12,4.9282,27.78,36.59,6.75,1.15,0.0
2020-10-13,4.0176,28.36,38.25,29.64,1.05,0.0
2020-10-14,3.955,28.21,41.65,33.04,1.07,0.0
2020-10-15,4.2362,28.03,36.95,14.21,1.51,0.0
2020-10-16,4.4981,26.93,33.16,6.43,1.66,0.0
2020-10-17,4.3646,27.0,31.91,13.75,1.54,0.0
2020-10-18,4.1983,25.98,31.77,25.29,2.23,0.0
2020-10-19,4.6543,24.85,31.35,26.5,2.24,0.0
2020-10-20,5.1439,24.93,27.29,12.49,2.08,0.0
2020-10-21,4.7282,26.22,23.42,12.85,1.56,0.0
2020-10-22,3.8777,26.75,31.78,34.27,1.1,0.0
2020-10-23,4.3104,25.81,32.75,4.19,1.73,0.0
2020-10-24,4.2794,24.87,27.27,3.99,1.74,0.0
2020-10-25,4.0834,24.74,24.73,17.9,1.41,0.0
2020-10-26,4.0375,24.34,26.47,11.06,1.67,0.0
2020-10-27,3.9293,23.01,30.0,16.03,2.01,0.0
2020-10-28,3.8753,22.76,24.15,17.55,1.25,0.0
2020-10-29,3.6312,22.45,25.93,19.61,1.11,0.0
2020-10-30,4.074,22.44,28.33,11.11,1.85,0.0
2020-10-31,3.9768,22.07,29.39,3.35,2.64,0.0
2020-11-01,4.1167,21.21,23.45,15.0,2.33,0.0
2020-11-02,4.3226,21.0,25.39,16.29,2.17,0.0
2020-11-03,4.3699,21.61,23.74,22.77,1.58,0.0
2020-11-04,3.6636,21.75,25.87,59.3,1.85,0.0
2020-11-05,3.2458,21.59,24.58,54.07,1.77,0.0
2020-11-06,3.3305,21.81,24.8,38.25,1.8,0.0
2020-11-07,3.3914,21.54,28.4,39.19,1.87,0.0
2020-11-08,2.7792,21.23,29.6,50.93,1.45,0.0
2020-11-09,3.3701,20.07,33.23,56.87,1.54,0.0
2020-11-10,3.3802,22.31,28.72,38.45,1.16,0.0
2020-11-11,3.528,22.28,32.78,4.37,1.29,0.0
2020-11-12,3.5911,21.43,38.93,3.11,1.09,0.0
2020-11-13,3.5405,21.1,36.59,2.46,1.42,0.0
2020-11-14,2.9861,21.77,31.49,26.99,1.09,0.0
2020-11-15,3.001,22.47,41.19,31.74,1.91,1.91
2020-11-16,2.6801,20.41,65.18,52.52,1.84,3.15
2020-11-17,3.2731,19.19,56.22,13.41,2.05,0.0
2020-11-18,3.3065,18.37,45.1,2.7,1.53,0.0
2020-11-19,2.958,17.67,36.83,4.93,1.83,0.0
2020-11-20,3.5866,17.24,35.19,2.48,2.89,0.0
2020-11-21,4.074,16.38,37.13,4.57,3.4,0.0
2020-11-22,3.7637,16.2,28.39,28.27,2.22,0.0
2020-11-23,3.1632,17.85,22.88,30.59,1.18,0.0
2020-11-24,2.7173,18.08,23.67,58.23,0.95,0.0
2020-11-25,1.8406,18.4,27.09,98.55,1.01,0.0
2020-11-26,2.7862,17.42,50.54,43.7,2.59,0.21
2020-11-27,4.1011,17.63,44.13,5.36,2.86,0.0
2020-11-28,4.0675,16.58,41.63,8.65,2.52,0.0
2020-11-29,3.9538,16.21,34.17,9.71,1.66,0.0
2020-11-30,3.7507,17.0,33.06,19.05,1.56,0.0
2020-12-01,3.5611,17.02,39.08,8.02,1.56,0.0
2020-12-02,3.654,17.78,43.13,1.98,2.3,0.0
2020-12-03,3.2597,18.09,45.52,18.12,1.4,0.0
2020-12-04,3.421,19.71,34.27,11.76,1.01,0.0
2020-12-05,3.4735,19.62,30.46,24.49,1.44,0.0
2020-12-06,3.4442,19.44,35.32,12.22,1.36,0.0
2020-12-07,2.8176,18.91,38.12,31.11,2.16,0.0
2020-12-08,3.137,19.19,38.14,16.97,1.34,0.0
2020-12-09,3.4512,20.08,37.86,19.82,1.67,0.0
2020-12-10,3.3557,20.18,44.8,15.44,1.49,0.0
2020-12-11,2.0417,20.66,45.22,43.83,1.17,0.0
2020-12-12,1.8698,19.26,59.32,67.05,1.54,1.84
2020-12-13,2.8721,15.34,51.71,37.39,2.89,0.05
2020-12-14,3.241,13.06,46.52,38.02,2.24,0.0
2020-12-15,2.9774,12.32,45.29,20.55,2.08,0.0
2020-12-16,3.1224,12.74,39.86,14.44,3.04,0.0
2020-12-17,3.4994,10.2,36.6,25.47,3.02,0.0
2020-12-18,3.8438,11.3,33.4,0.43,3.14,0.0
2020-12-19,3.8594,12.7,29.62,4.66,2.84,0.0
2020-12-20,3.4942,13.5,28.49,39.61,2.55,0.0
2020-12-21,3.1951,13.65,38.52,63.62,2.19,0.0
2020-12-22,3.2597,15.28,34.77,47.18,1.6,0.0
2020-12-23,3.0391,14.76,36.77,11.5,1.62,0.0
2020-12-24,3.0878,14.06,40.37,6.65,1.81,0.0
2020-12-25,3.318,13.2,40.0,5.77,2.2,0.0
2020-12-26,3.1327,13.95,38.05,35.95,2.0,0.0
2020-12-27,2.9203,15.72,34.17,62.73,1.56,0.0
2020-12-28,3.4306,11.85,34.04,10.39,2.6,0.0
2020-12-29,3.4973,11.2,40.33,1.26,2.67,0.0
2020-12-30,2.7506,10.19,48.21,40.0,2.26,0.0
2020-12-31,2.4845,10.78,39.56,81.18,1.86,0.0
2021-01-01,1.9769,13.36,31.89,42.64,0.88,0.0
2021-01-02,1.165,13.5,53.98,64.98,1.49,7.36
2021-01-03,0.8064,15.79,87.44,73.91,2.64,18.79
2021-01-04,2.2315,17.43,76.5,75.77,1.79,0.12
2021-01-05,1.7654,17.53,73.36,75.07,2.12,2.98
2021-01-06,1.4309,16.49,74.58,80.39,0.93,8.24
2021-01-07,1.6466,14.49,76.34,71.44,1.56,0.32
2021-01-08,1.3214,15.48,71.88,93.08,1.01,0.44
2021-01-09,1.985,15.88,64.41,40.18,1.88,0.91
2021-01-10,3.083,12.98,58.13,30.65,2.81,0.0
2021-01-11,3.0634,11.0,53.02,39.25,2.86,0.0
2021-01-12,3.2993,11.24,48.85,34.02,2.55,0.0
2021-01-13,3.0108,10.09,46.81,55.84,2.16,0.0
2021-01-14,2.8171,12.06,39.14,80.38,1.13,0.0
2021-01-15,3.0425,12.65,37.15,56.13,1.07,0.0
2021-01-16,2.5387,10.91,45.45,67.84,1.72,0.0
2021-01-17,1.7292,10.94,48.03,93.72,1.57,0.0
2021-01-18,1.6056,13.73,40.97,63.73,1.65,0.0
2021-01-19,2.6297,14.92,49.95,27.08,1.95,0.0
2021-01-20,3.5383,13.54,50.16,41.68,3.26,0.0
2021-01-21,4.2403,13.09,51.09,11.27,2.94,0.0
2021-01-22,2.6635,13.32,41.61,58.01,1.26,0.0
2021-01-23,3.0374,14.04,40.74,65.68,2.04,0.0
2021-01-24,1.8019,12.08,55.76,72.51,1.8,0.0
2021-01-25,2.2442,10.83,50.87,59.74,1.45,0.0
2021-01-26,3.3574,11.92,49.09,33.02,1.6,0.0
2021-01-27,3.9386,12.1,44.89,13.44,1.8,0.0
2021-01-28,2.9119,11.34,40.75,49.98,1.37,0.0
2021-01-29,3.8618,11.3,41.0,35.4,2.34,0.0
2021-01-30,4.4131,12.1,40.98,17.53,2.37,0.0
2021-01-31,4.5722,14.11,34.11,7.37,1.38,0.0
2021-02-01,4.4218,15.93,32.33,11.87,1.55,0.0
2021-02-02,4.4345,16.45,34.59,4.26,1.21,0.0
2021-02-03,4.008,16.25,39.76,25.76,1.83,0.05
2021-02-04,2.7024,16.17,55.01,65.82,2.09,3.03
2021-02-05,4.0682,14.6,64.45,4.33,1.49,0.09
2021-02-06,4.801,14.29,50.01,1.01,2.24,0.0
2021-02-07,4.825,14.51,48.46,4.13,2.36,0.0
2021-02-08,4.4818,15.13,47.19,17.22,1.74,0.0
2021-02-09,4.2881,17.63,42.11,46.89,1.66,0.0
2021-02-10,4.6548,19.2,37.49,30.14,1.08,0.0
2021-02-11,4.3855,17.5,42.78,33.87,1.33,0.0
2021-02-12,3.4613,17.82,44.74,56.75,1.35,0.0
2021-02-13,3.2974,18.3,36.03,64.02,1.26,0.0
2021-02-14,4.3094,19.38,32.4,37.55,1.23,0.0
2021-02-15,4.3673,20.37,31.05,8.56,0.75,0.0
2021-02-16,4.3126,19.49,37.21,8.34,1.04,0.0
2021-02-17,4.451,18.61,40.96,13.43,1.3,0.0
2021-02-18,4.4719,19.21,33.83,14.15,1.14,0.0
2021-02-19,4.5314,18.24,37.18,16.27,1.47,0.0
2021-02-20,4.391,17.76,37.4,36.68,1.66,0.0
2021-02-21,4.8665,18.11,37.8,17.6,2.0,0.0
2021-02-22,4.9169,20.06,33.36,8.55,1.94,0.0
2021-02-23,5.2966,21.89,29.39,2.66,1.45,0.0
2021-02-24,5.3294,23.44,26.88,1.49,1.44,0.0
2021-02-25,5.3506,23.01,29.05,1.79,1.9,0.0
2021-02-26,5.5226,24.48,31.53,4.07,2.45,0.0
2021-02-27,5.2366,23.97,36.86,28.59,2.07,0.38
2021-02-28,5.3854,22.85,30.13,33.67,1.91,0.0
2021-03-01,5.7197,21.17,22.95,1.44,2.97,0.0
2021-03-02,6.0156,20.75,23.79,16.37,3.38,0.0
2021-03-03,5.9378,22.65,20.64,7.36,2.47,0.0
2021-03-04,5.886,24.49,19.09,3.18,1.37,0.0
2021-03-05,5.6868,23.61,20.91,0.87,3.0,0.0
2021-03-06,6.0338,24.74,18.83,4.41,2.88,0.0
2021-03-07,5.7029,25.6,18.83,6.8,1.58,0.0
2021-03-08,4.8449,25.16,24.21,31.52,1.94,0.03
2021-03-09,5.1206,26.6,24.96,65.06,1.15,0.0
2021-03-10,5.346,26.22,30.75,19.82,1.37,0.2
2021-03-11,5.5066,26.39,23.64,18.53,0.96,0.0
2021-03-12,2.8644,23.03,42.65,92.44,2.31,1.73
2021-03-13,5.4454,24.08,52.5,32.41,1.49,0.03
2021-03-14,5.9213,25.45,29.45,7.1,2.2,0.0
2021-03-15,5.135,24.98,27.41,48.14,1.91,0.0
2021-03-16,4.812,25.4,28.67,52.03,2.37,0.0
2021-03-17,5.1665,26.69,28.75,43.68,1.82,0.0
2021-03-18,4.6793,27.63,26.82,83.95,1.39,0.0
2021-03-19,4.979,27.88,28.85,53.36,2.01,0.0
2021-03-20,6.145,26.75,25.74,12.63,2.44,0.0
2021-03-21,6.1157,27.72,24.73,13.67,1.28,0.0
2021-03-22,4.705,26.91,25.02,61.81,2.09,0.0
2021-03-23,4.0514,28.01,26.88,88.43,1.51,0.04
2021-03-24,5.7499,26.39,26.77,36.64,1.93,0.05
2021-03-25,5.7482,24.86,27.82,69.65,3.54,0.0
2021-03-26,6.4428,24.78,29.2,20.57,2.58,0.0
2021-03-27,6.3696,27.17,25.45,12.66,1.7,0.0
2021-03-28,6.1502,29.12,21.9,15.88,1.22,0.0
2021-03-29,6.3055,30.32,18.78,50.67,1.89,0.0
2021-03-30,6.2136,30.65,16.8,17.13,3.84,0.0
2021-03-31,7.4297,28.56,11.49,1.87,4.56,0.0
2021-04-01,7.6121,26.44,7.3,1.26,4.19,0.0
2021-04-02,7.447,25.93,9.19,5.67,2.3,0.0
2021-04-03,7.5293,25.93,6.84,7.83,1.89,0.0
2021-04-04,7.2586,27.35,8.62,5.19,2.19,0.0
2021-04-05,5.9791,29.26,12.56,80.08,1.44,0.0
2021-04-06,5.9369,30.92,12.74,52.79,1.36,0.0
2021-04-07,6.0574,29.93,23.43,46.18,2.94,0.0
2021-04-08,6.667,27.87,14.89,15.94,2.33,0.0
2021-04-09,7.3562,27.93,13.37,13.72,2.38,0.0
2021-04-10,7.2326,28.89,14.92,10.67,2.22,0.0
2021-04-11,7.3946,29.72,15.57,10.8,2.29,0.0
2021-04-12,6.7354,31.11,16.37,32.1,2.09,0.0
2021-04-13,7.0222,32.01,18.03,20.65,2.68,0.0
2021-04-14,6.582,32.49,19.51,39.7,2.56,0.0
2021-04-15,6.6194,32.77,17.12,44.08,1.93,0.0
2021-04-16,5.5265,32.81,19.77,71.47,1.86,0.85
2021-04-17,6.6557,29.53,31.78,25.84,2.97,0.98
2021-04-18,7.0901,29.58,27.62,20.27,2.06,0.0
2021-04-19,6.7562,31.24,20.84,29.5,2.06,0.02
2021-04-20,4.2876,28.68,23.21,83.83,2.3,0.08
2021-04-21,6.6989,27.44,32.17,37.12,2.44,1.02
2021-04-22,7.2142,27.33,32.2,22.03,1.22,0.04
2021-04-23,5.9213,29.35,24.16,51.42,2.98,0.23
2021-04-24,7.6195,27.47,28.25,5.19,3.34,0.01
2021-04-25,7.8547,28.9,17.59,0.69,2.92,0.0
2021-04-26,7.931,31.06,13.63,0.44,2.31,0.0
2021-04-27,7.1978,33.37,13.85,26.86,2.01,0.0
2021-04-28,6.7193,33.97,13.15,48.87,2.03,0.0
2021-04-29,6.0715,34.67,17.88,59.04,1.98,0.0
2021-04-30,6.239,34.66,17.1,72.83,1.11,0.36
2021-05-01,6.2621,33.73,19.57,71.06,1.31,0.98
2021-05-02,5.3491,33.6,21.42,82.61,1.55,0.04
2021-05-03,6.2162,33.92,23.81,59.26,1.76,0.0
2021-05-04,6.1922,34.77,20.39,62.37,1.11,0.0
2021-05-05,6.5256,33.54,20.14,41.36,1.31,0.0
2021-05-06,5.2032,33.0,29.94,65.79,1.94,5.43
2021-05-07,6.4824,31.59,35.56,45.74,1.17,0.66
2021-05-08,6.4572,32.11,29.22,43.46,1.23,0.0
2021-05-09,5.7713,33.1,26.83,70.11,1.59,0.13
2021-05-10,5.2308,34.56,24.96,80.5,1.26,1.28
2021-05-11,6.6554,33.78,25.38,72.75,1.96,0.01
2021-05-12,6.5203,34.07,24.67,63.61,1.62,0.46
2021-05-13,5.6662,30.93,36.53,62.68,1.3,1.97
2021-05-14,6.8278,31.86,32.87,43.12,1.06,0.0
2021-05-15,5.0302,33.51,26.98,59.21,0.89,0.0
2021-05-16,7.2746,34.12,21.22,36.98,1.55,0.02
2021-05-17,3.4001,33.43,22.31,95.92,2.63,0.0
2021-05-18,1.896,30.03,38.56,99.15,3.8,2.15
2021-05-19,1.387,25.52,67.6,99.11,4.11,50.91
2021-05-20,5.1079,24.92,74.53,51.91,4.88,36.98
2021-05-21,4.9999,28.26,57.33,44.93,1.09,6.72
2021-05-22,7.3087,29.68,52.14,39.72,1.85,1.81
2021-05-23,6.3257,28.72,45.34,35.57,1.91,0.0
2021-05-24,7.2336,29.25,38.26,1.17,3.9,0.0
2021-05-25,8.07,31.03,36.13,1.91,3.85,0.0
2021-05-26,7.6666,32.27,34.92,8.14,2.41,0.0
2021-05-27,7.4834,33.18,29.87,12.35,1.6,0.0
2021-05-28,7.5094,31.76,36.89,13.76,2.03,0.0
2021-05-29,7.2614,31.87,52.33,40.11,3.65,0.66
2021-05-30,6.7915,32.06,53.2,64.92,2.32,0.47
2021-05-31,6.5491,34.94,39.83,49.69,1.16,0.0
2021-06-01,5.2406,31.43,45.88,89.15,1.4,18.58
2021-06-02,6.0497,31.86,40.34,83.19,1.04,0.02
2021-06-03,6.8918,32.34,41.23,61.82,1.17,0.0
2021-06-04,6.1536,33.99,41.36,79.34,1.26,0.9
2021-06-05,6.8707,34.33,42.31,70.66,1.68,0.93
2021-06-06,7.2065,33.74,44.34,61.9,1.71,0.01
2021-06-07,6.8875,34.94,41.06,61.76,2.42,0.0
2021-06-08,6.7313,35.98,37.89,78.2,3.96,0.0
2021-06-09,6.3672,36.69,38.4,70.73,3.01,0.0
2021-06-10,6.0636,33.62,51.79,93.28,2.86,4.57
2021-06-11,6.3506,32.49,56.1,74.21,2.34,3.71
2021-06-12,6.2705,32.62,58.37,77.29,2.58,12.24
2021-06-13,5.6371,31.91,60.6,76.51,2.19,0.83
2021-06-14,6.7447,33.48,43.91,68.81,1.2,0.06
2021-06-15,5.9904,32.99,49.43,78.39,2.09,0.49
2021-06-16,5.2673,31.76,52.88,81.8,0.83,4.39
2021-06-17,5.3074,31.67,56.66,76.24,1.15,23.96
2021-06-18,5.7667,31.22,57.42,55.43,1.52,5.99
2021-06-19,5.2812,29.99,61.65,66.98,1.61,6.88
2021-06-20,4.8766,30.68,62.29,82.43,1.5,2.07
2021-06-21,6.3187,33.08,47.51,72.32,1.72,0.21
2021-06-22,6.5837,33.93,42.91,59.75,1.97,0.0
2021-06-23,6.565,34.29,41.47,41.09,0.97,0.0
2021-06-24,5.561,33.64,45.37,73.25,1.5,0.0
2021-06-25,6.6017,33.49,44.71,69.0,1.72,3.27
2021-06-26,6.151,32.38,43.08,73.32,1.22,1.01
2021-06-27,6.0974,33.59,44.51,76.69,1.38,0.04
2021-06-28,6.3074,34.49,44.13,73.52,1.11,0.0
2021-06-29,7.0927,35.78,34.83,52.25,2.53,0.0
2021-06-30,6.882,36.64,33.63,71.82,3.88,0.0
2021-07-01,6.7162,37.37,35.46,72.85,2.62,0.01
2021-07-02,5.9182,36.9,38.87,76.55,1.8,2.53
2021-07-03,4.9942,34.4,50.2,85.92,2.3,3.75
2021-07-04,6.7229,34.5,43.51,61.58,1.39,0.03
2021-07-05,6.3298,35.16,39.67,75.87,1.44,0.0
2021-07-06,6.739,36.01,40.39,71.72,2.43,0.0
2021-07-07,6.8345,36.92,38.41,71.91,2.59,0.0
2021-07-08,6.4351,37.66,36.94,81.16,1.78,0.25
2021-07-09,5.503,35.05,49.78,78.16,1.54,5.82
2021-07-10,6.3782,34.78,46.81,47.27,2.5,0.07
2021-07-11,5.0854,33.34,56.85,88.97,3.7,0.3
2021-07-12,4.1719,31.78,62.1,93.58,3.72,3.36
2021-07-13,2.55,29.95,72.68,99.33,2.93,8.73
2021-07-14,2.2481,29.65,75.3,99.15,2.57,22.7
2021-07-15,5.6465,32.16,61.98,91.61,3.05,5.89
2021-07-16,6.3115,33.89,55.93,58.49,2.19,1.83
2021-07-17,5.5466,34.26,56.4,93.61,1.44,1.04
2021-07-18,2.9342,31.52,72.71,98.55,1.96,22.08
2021-07-19,0.7673,28.47,90.13,94.44,2.52,61.74
2021-07-20,3.6233,28.28,87.79,97.02,0.92,37.5
2021-07-21,5.0309,28.52,86.74,87.99,1.07,12.76
2021-07-22,4.0392,29.67,81.28,97.88,1.74,11.56
2021-07-23,4.8326,29.43,85.05,86.38,1.59,5.06
2021-07-24,5.3933,30.56,78.82,80.28,0.97,0.13
2021-07-25,6.0559,31.31,77.0,78.87,1.14,0.01
2021-07-26,2.6599,29.14,82.74,98.81,1.11,10.59
2021-07-27,2.4566,29.39,84.81,98.04,1.61,28.82
2021-07-28,0.9115,28.03,88.46,98.96,1.03,38.87
2021-07-29,3.893,28.19,87.39,98.29,0.81,9.96
2021-07-30,3.3312,28.48,87.25,97.79,1.65,28.45
2021-07-31,5.2006,28.85,84.79,86.87,2.23,10.88
2021-08-01,3.1598,30.24,76.21,97.04,0.6,11.06
2021-08-02,3.6878,29.21,84.09,94.41,1.39,2.12
2021-08-03,4.4926,28.9,84.96,81.17,2.36,1.36
2021-08-04,5.304,28.51,85.0,80.23,2.3,0.03
2021-08-05,5.1137,28.87,84.04,81.4,1.44,0.08
2021-08-06,4.8182,29.1,76.63,92.17,0.75,0.05
2021-08-07,3.2314,27.05,87.48,96.94,1.12,12.61
2021-08-08,2.6566,29.42,80.03,96.18,0.58,2.89
2021-08-09,3.229,28.86,83.08,97.08,0.92,10.72
2021-08-10,5.9863,29.63,81.29,56.58,1.57,0.75
2021-08-11,6.3874,29.0,76.98,77.15,2.46,0.01
2021-08-12,6.241,29.01,78.56,67.54,1.83,0.07
2021-08-13,5.664,29.54,79.19,90.12,1.82,1.67
2021-08-14,6.4618,29.78,80.39,51.75,2.23,0.22
2021-08-15,6.4138,29.76,76.03,52.82,1.96,0.03
2021-08-16,6.3168,29.91,73.45,51.56,1.34,0.15
2021-08-17,6.2609,30.26,70.01,45.16,1.34,0.0
2021-08-18,5.8279,29.63,72.37,58.25,1.26,0.0
2021-08-19,4.332,29.68,78.25,81.44,1.46,1.62
2021-08-20,1.8742,26.92,90.53,98.84,2.68,44.83
2021-08-21,3.269,27.49,90.34,96.82,2.48,20.03
2021-08-22,4.1743,28.43,85.24,85.6,2.04,0.63
2021-08-23,4.7789,29.08,82.74,81.61,0.79,0.51
2021-08-24,3.7514,28.67,82.74,96.19,1.01,1.61
2021-08-25,6.139,28.49,80.95,72.38,2.31,2.74
2021-08-26,5.4619,28.58,80.38,96.07,2.32,0.05
2021-08-27,5.8054,29.69,74.34,73.82,1.3,6.35
2021-08-28,4.2689,29.18,78.76,84.47,0.85,8.61
2021-08-29,3.8659,28.81,82.71,86.99,1.14,1.28
2021-08-30,4.6694,27.74,85.41,53.3,1.77,1.01
2021-08-31,1.5434,26.81,87.03,88.55,1.92,8.76
2021-09-01,0.96,26.64,88.3,99.54,2.04,36.07
2021-09-02,4.8943,26.57,89.38,78.43,1.51,17.27
2021-09-03,5.2567,27.1,89.41,77.78,1.94,16.8
2021-09-04,3.859,27.71,87.15,91.34,1.46,11.04
2021-09-05,5.3203,28.59,83.91,59.93,0.74,3.8
2021-09-06,4.9874,28.94,84.59,66.52,1.24,4.12
2021-09-07,3.6209,28.53,87.35,93.52,2.23,2.55
2021-09-08,4.8336,27.75,86.82,42.98,3.37,0.16
2021-09-09,4.0274,27.6,87.05,64.6,2.14,3.58
2021-09-10,4.1023,27.11,88.74,78.12,2.75,17.09
2021-09-11,1.0231,26.53,92.99,99.01,2.87,15.42
2021-09-12,4.7376,26.6,88.72,85.57,1.79,9.76
2021-09-13,2.9952,27.52,82.46,94.18,1.45,6.13
2021-09-14,4.9942,27.67,79.73,65.66,1.72,0.8
2021-09-15,4.951,27.14,83.6,54.46,2.24,0.89
2021-09-16,2.4425,26.47,86.03,87.45,2.2,10.07
2021-09-17,3.2743,25.95,86.37,76.12,2.56,1.2
2021-09-18,4.5883,26.86,87.1,38.68,2.46,0.01
2021-09-19,5.5459,27.72,86.11,15.67,1.9,0.02
2021-09-20,5.3827,28.15,85.83,23.32,1.71,0.0
2021-09-21,4.272,28.05,85.98,56.79,1.76,12.91
2021-09-22,2.9194,26.61,91.73,95.74,1.62,7.11
2021-09-23,4.493,25.67,88.73,85.81,1.72,9.8
2021-09-24,4.0769,26.58,83.82,82.58,1.57,4.9
2021-09-25,4.0886,27.39,84.86,40.47,1.28,2.47
2021-09-26,3.9881,26.99,86.6,45.36,1.62,0.38
2021-09-27,5.0906,27.3,81.98,41.34,1.3,0.0
2021-09-28,5.3971,27.09,84.15,29.14,2.16,0.36
2021-09-29,5.2294,26.67,85.82,19.53,2.37,0.03
2021-09-30,4.8931,27.37,84.59,24.61,1.78,2.54
2021-10-01,4.7726,28.28,81.8,23.54,0.91,3.53
2021-10-02,4.7534,28.53,80.0,15.68,0.96,0.11
2021-10-03,5.2109,28.18,80.49,11.44,1.66,0.03
2021-10-04,5.4137,28.81,73.35,25.28,0.99,0.24
2021-10-05,5.1113,27.6,79.91,58.96,1.42,4.77
2021-10-06,5.0683,27.07,81.48,9.79,1.21,0.06
2021-10-07,5.1367,25.84,78.61,6.33,1.46,0.0
2021-10-08,5.267,25.93,70.4,0.7,1.46,0.0
2021-10-09,5.4127,25.68,65.04,1.23,1.55,0.0
2021-10-10,5.3088,26.63,61.95,1.34,1.15,0.0
2021-10-11,5.1175,26.62,63.19,1.44,1.05,0.0
2021-10-12,5.2608,25.73,66.23,0.69,1.16,0.0
2021-10-13,5.4874,23.86,67.35,0.9,2.18,0.0
2021-10-14,5.3184,23.17,64.66,1.95,1.93,0.0
2021-10-15,5.1077,25.64,65.03,13.51,1.31,0.0
2021-10-16,4.7621,26.46,60.81,20.28,1.21,0.05
2021-10-17,2.0674,25.63,74.57,98.67,1.39,15.71
2021-10-18,1.1422,22.13,93.11,88.24,3.4,71.1
2021-10-19,4.7378,22.85,83.32,11.09,3.03,0.01
2021-10-20,4.5274,22.35,74.72,0.43,1.86,0.08
2021-10-21,5.2776,21.38,67.54,0.43,2.05,0.0
2021-10-22,5.1672,22.45,69.17,0.26,1.76,0.0
2021-10-23,4.704,22.59,80.1,2.76,1.76,0.0
2021-10-24,3.726,22.61,78.96,59.71,1.59,19.29
2021-10-25,4.2034,21.66,80.04,2.24,1.37,3.65
2021-10-26,4.566,20.37,72.63,1.05,1.75,0.0
2021-10-27,4.5494,19.39,68.46,3.28,1.57,0.0
2021-10-28,4.5324,19.81,69.23,26.36,1.3,0.0
2021-10-29,4.3421,21.45,58.89,43.64,0.84,0.0
2021-10-30,4.3764,19.19,71.35,51.44,2.05,0.0
2021-10-31,4.3843,20.03,64.25,32.13,1.68,0.0
2021-11-01,4.2125,19.49,67.24,12.16,1.57,0.0
2021-11-02,3.8618,18.56,73.43,3.52,1.86,0.0
2021-11-03,3.697,19.36,74.27,16.39,1.31,0.0
2021-11-04,3.3742,19.59,70.07,9.81,1.12,0.0
2021-11-05,2.665,19.76,63.49,43.92,0.99,0.0
2021-11-06,3.1169,18.05,68.92,37.81,1.92,0.0
2021-11-07,3.4226,19.08,68.12,45.5,1.7,0.0
2021-11-08,3.1166,18.69,68.52,43.66,1.6,0.0
2021-11-09,3.606,19.06,66.82,46.29,1.71,0.0
2021-11-10,3.355,19.68,60.41,41.17,1.48,0.0
2021-11-11,3.0948,19.85,55.51,53.89,1.08,0.0
2021-11-12,3.0031,18.92,59.08,45.88,1.28,0.0
2021-11-13,3.4346,17.19,63.55,32.53,1.69,0.0
2021-11-14,3.3175,17.43,56.44,35.84,1.27,0.0
2021-11-15,3.1488,16.82,55.82,27.5,1.28,0.0
2021-11-16,3.5004,15.67,59.55,53.22,1.42,0.0
2021-11-17,3.3905,16.69,54.17,59.59,0.99,0.0
2021-11-18,3.5292,17.34,56.22,62.61,0.71,0.0
2021-11-19,2.9954,17.47,56.13,80.9,1.22,0.0
2021-11-20,2.7278,15.08,74.49,75.66,1.55,0.0
2021-11-21,3.5935,16.12,67.6,36.54,2.01,0.0
2021-11-22,4.1786,15.58,59.92,27.23,2.96,0.0
2021-11-23,4.056,16.14,52.59,35.55,1.7,0.0
2021-11-24,3.9295,16.08,54.77,35.54,1.3,0.0
2021-11-25,3.6658,16.44,61.67,17.57,0.94,0.0
2021-11-26,3.6048,17.1,56.03,7.42,0.91,0.0
2021-11-27,3.2323,15.52,69.96,2.76,1.47,0.0
2021-11-28,3.4046,17.1,66.21,20.55,1.04,0.0
2021-11-29,3.2957,16.42,61.4,36.57,1.63,0.0
2021-11-30,3.431,16.12,60.09,66.85,1.89,0.0
2021-12-01,1.9054,14.81,66.52,99.56,0.85,0.0
2021-12-02,1.3368,14.34,69.75,96.53,1.16,0.01
2021-12-03,2.1581,15.72,59.67,72.97,1.03,0.62
2021-12-04,3.6096,18.05,52.07,0.93,0.91,0.0
2021-12-05,2.4566,17.94,61.05,54.95,1.18,0.02
2021-12-06,2.8567,17.28,71.02,36.18,1.63,0.31
2021-12-07,3.6835,14.76,66.55,0.89,2.12,0.0
2021-12-08,3.7241,14.8,57.26,2.34,1.53,0.0
2021-12-09,3.3754,15.66,52.27,8.68,0.76,0.0
2021-12-10,3.2902,14.46,63.08,7.54,1.43,0.0
2021-12-11,3.4891,14.47,54.96,8.27,1.42,0.0
2021-12-12,3.2885,14.87,52.54,32.04,0.98,0.0
2021-12-13,2.7396,11.77,68.96,45.46,1.35,0.0
2021-12-14,2.4634,13.49,67.35,8.54,1.09,0.0
2021-12-15,2.3827,13.2,63.63,10.46,1.5,0.0
2021-12-16,2.028,12.44,57.88,44.15,1.63,0.0
2021-12-17,3.1658,10.01,57.21,6.18,3.05,0.0
2021-12-18,3.4046,8.6,50.5,27.03,3.04,0.0
2021-12-19,3.8494,8.07,50.02,7.94,2.57,0.0
2021-12-20,3.7243,9.78,44.72,17.28,1.77,0.0
2021-12-21,3.5734,12.48,39.03,12.26,1.22,0.0
2021-12-22,3.4939,13.2,43.99,24.4,1.09,0.0
2021-12-23,2.9119,13.14,50.91,22.32,1.38,0.0
2021-12-24,2.8555,13.41,58.81,17.21,1.29,0.0
2021-12-25,2.8433,14.23,57.25,31.7,0.91,0.0
2021-12-26,1.5132,13.61,65.98,98.48,1.3,0.08
2021-12-27,2.653,14.99,69.4,45.86,1.44,1.4
2021-12-28,1.051,13.85,75.1,97.67,1.0,0.69
2021-12-29,3.089,12.96,68.88,14.18,1.62,0.52
2021-12-30,2.844,10.98,48.55,41.06,1.18,0.0
2021-12-31,3.1142,10.78,52.23,43.37,1.58,0.0
2022-01-01,3.2326,12.15,51.69,5.46,1.0,0.0
2022-01-02,2.9018,12.78,53.86,36.71,1.25,0.0
2022-01-03,3.1644,13.44,50.34,33.5,1.11,0.0
2022-01-04,2.7694,15.64,48.2,82.31,0.97,0.0
2022-01-05,0.774,13.32,68.57,99.73,1.84,8.67
2022-01-06,2.2596,13.44,86.68,79.78,2.76,0.67
2022-01-07,1.5086,14.48,88.36,92.2,2.84,2.06
2022-01-08,0.5033,15.06,91.91,97.69,3.66,27.46
2022-01-09,1.1626,14.3,91.16,94.82,1.23,12.54
2022-01-10,3.0182,11.13,81.0,37.21,1.69,1.22
2022-01-11,3.2234,10.31,75.84,27.71,1.53,0.09
2022-01-12,2.713,10.62,77.28,40.14,1.34,0.01
2022-01-13,2.1838,11.99,75.83,54.25,0.74,0.0
2022-01-14,1.6262,11.41,78.08,75.25,0.92,0.0
2022-01-15,0.9221,10.56,78.34,99.44,1.34,0.0
2022-01-16,2.3479,11.15,69.72,78.76,1.24,0.0
2022-01-17,2.1478,10.84,70.24,77.05,0.96,0.0
2022-01-18,2.5874,10.33,76.04,55.77,1.66,0.0
2022-01-19,2.3539,10.18,77.95,77.36,1.11,0.0
2022-01-20,1.9894,12.47,78.1,75.35,0.85,0.79
2022-01-21,2.3126,13.34,77.23,75.16,0.91,0.05
2022-01-22,1.0183,10.86,89.11,97.94,4.39,10.05
2022-01-23,1.283,11.55,87.92,80.96,1.59,11.51
2022-01-24,2.0592,10.79,80.61,66.23,1.27,0.13
2022-01-25,1.32,10.33,82.9,67.79,1.44,0.01
2022-01-26,2.7115,9.84,82.38,51.86,1.75,0.01
2022-01-27,3.9048,10.14,73.47,16.49,2.21,0.0
2022-01-28,4.4304,10.26,63.86,0.18,2.48,0.0
2022-01-29,4.5058,11.43,61.96,0.31,1.79,0.0
2022-01-30,4.4705,12.49,67.69,2.89,2.46,0.0
2022-01-31,3.2573,14.75,60.51,32.43,1.1,0.0
2022-02-01,3.1054,14.24,62.99,48.42,1.55,0.0
2022-02-02,3.6014,13.05,60.32,72.6,1.62,0.0
2022-02-03,1.0606,12.45,72.66,87.3,2.99,8.65
2022-02-04,2.2169,11.25,85.13,75.24,2.19,0.69
2022-02-05,3.761,11.69,71.1,49.74,1.33,0.06
2022-02-06,4.637,13.08,58.74,9.26,1.24,0.0
2022-02-07,4.2763,14.34,60.52,39.54,1.3,0.0
2022-02-08,3.9694,16.07,66.26,35.56,0.92,2.18
2022-02-09,3.1094,13.75,88.45,58.34,1.28,9.85
2022-02-10,4.5226,12.93,73.3,15.44,2.12,0.0
2022-02-11,4.8226,12.24,63.74,0.07,2.66,0.0
2022-02-12,5.3412,13.35,57.62,0.11,2.17,0.0
2022-02-13,4.8737,15.41,49.79,0.16,1.17,0.0
2022-02-14,5.0477,15.48,54.54,0.79,1.21,0.0
2022-02-15,4.8247,16.2,57.54,2.2,1.2,0.0
2022-02-16,4.9445,16.83,55.11,0.37,1.64,0.0
2022-02-17,5.0587,16.25,55.68,0.75,1.54,0.0
2022-02-18,4.8926,16.78,51.73,21.93,1.41,0.12
2022-02-19,5.0671,16.02,55.98,9.04,2.08,0.01
2022-02-20,5.0028,15.12,55.86,0.34,2.79,0.0
2022-02-21,5.5546,16.25,47.17,3.51,1.72,0.0
2022-02-22,5.207,17.03,52.83,30.9,3.71,0.0
2022-02-23,3.9326,16.42,61.15,56.05,2.39,0.0
2022-02-24,3.8561,17.75,63.03,51.6,1.12,0.01
2022-02-25,4.3805,18.99,55.2,39.05,1.46,2.25
2022-02-26,4.0313,16.99,64.97,69.69,3.52,4.02
2022-02-27,4.9812,17.2,63.0,20.12,2.02,0.01
2022-02-28,5.6246,16.21,57.24,6.81,2.05,0.0
2022-03-01,5.3774,17.66,47.73,4.57,1.44,0.0
2022-03-02,5.4463,18.97,48.71,9.31,1.47,0.0
2022-03-03,5.089,20.16,48.23,34.81,1.2,0.0
2022-03-04,5.2174,19.12,58.76,10.46,1.95,0.0
2022-03-05,5.8411,18.31,57.04,5.0,2.25,0.0
2022-03-06,4.631,19.58,48.31,93.58,1.09,0.0
2022-03-07,5.0194,20.52,46.45,44.93,1.06,0.0
2022-03-08,5.1715,21.4,46.47,20.34,1.77,0.0
2022-03-09,5.2925,21.67,46.1,59.22,2.21,0.0
2022-03-10,5.382,21.67,47.65,36.63,2.37,0.0
2022-03-11,5.8538,21.74,49.44,1.4,2.24,0.0
2022-03-12,6.197,21.73,45.53,3.81,2.04,0.0
2022-03-13,5.6861,24.66,43.0,16.55,1.9,0.0
2022-03-14,5.9443,25.7,45.33,10.73,1.64,0.0
2022-03-15,5.7821,26.71,46.54,8.19,1.87,0.0
2022-03-16,6.161,26.2,44.93,5.76,2.65,0.0
2022-03-17,5.7866,26.1,45.29,13.82,1.37,0.0
2022-03-18,5.197,27.38,49.39,6.61,1.7,0.0
2022-03-19,5.6047,28.37,41.2,18.93,1.26,0.0
2022-03-20,6.0674,29.05,36.97,22.93,0.99,0.0
2022-03-21,5.6676,28.07,36.23,35.79,1.6,0.0
2022-03-22,6.1363,26.86,36.66,1.39,2.95,0.0
2022-03-23,5.6606,27.66,31.33,30.35,1.6,0.0
2022-03-24,6.0598,27.53,32.83,15.07,1.82,0.0
2022-03-25,6.3235,26.72,32.66,30.16,2.36,0.0
2022-03-26,6.6854,25.96,30.66,0.85,3.12,0.0
2022-03-27,6.618,27.64,25.49,8.5,2.29,0.0
2022-03-28,6.6528,29.29,21.92,17.01,1.42,0.0
2022-03-29,6.7944,29.52,24.92,9.91,1.9,0.0
2022-03-30,6.6041,30.09,24.41,19.13,1.22,0.0
2022-03-31,6.3778,29.88,27.67,20.15,1.53,0.0
2022-04-01,7.0946,28.84,24.84,2.5,2.43,0.0
2022-04-02,7.1225,29.3,20.27,11.1,1.31,0.0
2022-04-03,7.2667,29.76,18.98,3.03,1.83,0.0
2022-04-04,7.0318,30.02,17.78,6.47,2.08,0.0
2022-04-05,6.9218,29.71,19.83,26.85,2.05,0.0
2022-04-06,6.8136,30.87,18.38,15.36,1.92,0.0
2022-04-07,7.1083,31.83,17.95,2.23,1.73,0.0
2022-04-08,7.2526,32.98,17.08,0.85,1.54,0.0
2022-04-09,6.893,33.91,15.61,16.07,1.52,0.0
2022-04-10,6.8798,32.88,17.08,10.99,2.36,0.0
2022-04-11,7.045,34.06,15.69,32.81,1.76,0.0
2022-04-12,4.656,34.07,14.35,94.1,1.4,0.0
2022-04-13,6.7704,32.56,18.04,42.86,1.63,0.0
2022-04-14,6.4195,32.11,17.32,56.6,2.13,0.0
2022-04-15,6.5683,31.62,18.63,37.84,2.23,0.04
2022-04-16,7.0366,32.28,14.92,21.33,1.58,0.0
2022-04-17,6.9797,32.25,16.6,44.39,1.71,0.0
2022-04-18,6.7757,34.0,14.1,17.62,1.98,0.0
2022-04-19,6.504,35.23,14.11,39.05,2.32,0.0
2022-04-20,6.793,34.61,17.46,48.5,3.19,0.0
2022-04-21,3.03,30.59,30.48,75.9,2.33,0.06
2022-04-22,6.7034,31.71,27.41,32.81,1.42,0.0
2022-04-23,7.1458,32.36,16.62,8.38,2.09,0.0
2022-04-24,7.2257,32.77,16.62,8.94,3.22,0.0
2022-04-25,6.8503,33.71,15.76,33.72,2.44,0.0
2022-04-26,6.8326,34.82,14.87,36.69,2.32,0.0
2022-04-27,7.4364,34.61,11.9,0.05,2.28,0.0
2022-04-28,7.0296,36.03,10.67,22.67,1.72,0.0
2022-04-29,7.032,36.52,13.12,37.94,2.53,0.0
2022-04-30,7.2146,36.95,10.88,22.74,1.78,0.0
2022-05-01,6.649,35.43,13.41,47.87,2.79,0.0
2022-05-02,6.8018,35.4,19.12,40.47,3.04,0.0
2022-05-03,5.8394,34.72,22.8,72.93,1.63,0.0
2022-05-04,5.5534,35.23,24.61,63.66,1.98,4.91
2022-05-05,6.1687,32.5,34.95,36.35,1.63,0.17
2022-05-06,5.8478,33.93,28.74,28.83,1.74,0.0
2022-05-07,6.8227,34.53,24.03,17.89,1.55,0.0
2022-05-08,6.8777,35.02,20.21,21.89,1.45,0.0
2022-05-09,6.5705,34.58,27.55,25.13,2.38,0.0
2022-05-10,6.1596,35.13,33.02,31.57,2.31,0.0
2022-05-11,6.276,35.96,31.65,21.64,2.07,0.09
2022-05-12,6.5726,37.27,28.59,22.61,2.22,0.0
2022-05-13,7.1798,37.65,19.95,22.39,2.28,0.09
2022-05-14,7.4974,38.23,12.47,30.63,2.55,0.0
2022-05-15,7.5154,37.89,10.53,41.05,2.19,0.0
2022-05-16,5.9083,37.37,13.64,67.49,2.42,0.0
2022-05-17,6.4015,36.15,15.13,68.31,1.46,0.03
2022-05-18,6.3446,36.36,16.75,52.77,1.7,0.0
2022-05-19,6.8129,37.47,16.1,40.38,2.18,0.0
2022-05-20,6.4258,38.75,14.61,69.16,2.66,0.0
2022-05-21,5.8279,35.8,22.12,86.16,2.8,0.7
2022-05-22,6.8244,34.56,21.34,49.86,1.33,0.0
2022-05-23,4.1623,31.15,39.39,75.04,3.67,19.43
2022-05-24,6.4486,28.68,54.26,32.01,2.4,10.39
2022-05-25,6.4615,30.41,44.22,16.11,1.23,0.01
2022-05-26,6.6252,32.07,39.34,28.49,1.52,0.0
2022-05-27,6.4805,34.04,37.21,45.92,1.75,0.01
2022-05-28,6.163,36.72,33.59,55.85,2.0,0.4
2022-05-29,6.3869,34.64,33.99,48.67,1.83,0.19
2022-05-30,6.2155,33.93,39.21,76.25,1.03,5.07
2022-05-31,6.2059,33.67,30.13,33.67,1.28,0.14
2022-06-01,6.5234,35.96,23.79,56.45,2.12,0.0
2022-06-02,6.6199,36.06,21.66,72.1,1.95,0.0
2022-06-03,7.0853,36.37,19.68,57.13,2.21,0.0
2022-06-04,7.5182,36.8,16.84,55.24,1.33,0.0
2022-06-05,7.4146,37.04,19.28,53.13,2.11,0.0
2022-06-06,7.4762,37.5,15.24,62.18,1.73,0.0
2022-06-07,6.4778,37.79,15.74,80.89,2.36,0.0
2022-06-08,6.7759,37.05,17.91,71.96,3.78,0.0
2022-06-09,6.4858,38.1,18.98,72.99,2.12,0.0
2022-06-10,6.348,37.83,20.43,81.63,3.59,0.0
2022-06-11,6.697,38.18,20.46,76.11,4.14,0.0
2022-06-12,7.0159,38.44,20.51,66.81,3.17,0.0
2022-06-13,5.4746,39.33,20.56,79.82,3.41,0.0
2022-06-14,5.1341,38.16,31.84,80.46,4.78,0.0
2022-06-15,7.1105,38.67,32.0,33.48,3.64,0.26
2022-06-16,6.7889,37.78,35.62,51.55,2.54,0.66
2022-06-17,5.195,33.64,55.03,81.65,1.86,12.85
2022-06-18,4.9582,31.57,57.97,87.74,1.06,11.14
2022-06-19,3.0293,31.01,58.84,98.97,1.33,3.82
2022-06-20,4.2638,32.74,41.42,98.52,1.05,0.01
2022-06-21,4.9627,32.66,41.32,78.89,1.54,0.1
2022-06-22,6.27,33.75,41.08,68.13,1.58,0.02
2022-06-23,7.0174,33.46,38.36,35.89,3.39,0.0
2022-06-24,7.3793,33.24,31.36,38.59,2.65,0.0
2022-06-25,7.2374,34.68,28.69,59.78,0.91,0.0
2022-06-26,6.5232,35.37,30.69,35.33,2.38,0.1
2022-06-27,5.8908,36.4,42.39,46.52,2.35,0.0
2022-06-28,5.0244,37.84,37.93,89.81,1.83,0.09
2022-06-29,4.8871,38.36,39.37,96.43,2.29,3.22
2022-06-30,1.05,30.97,74.53,99.66,2.54,19.88
2022-07-01,3.4346,30.79,70.42,98.46,2.68,12.31
2022-07-02,5.189,32.3,60.74,85.03,2.22,3.2
2022-07-03,5.3988,33.75,56.24,65.8,2.58,0.4
2022-07-04,5.5538,34.53,54.6,61.58,1.31,1.02
2022-07-05,5.376,33.66,53.58,81.14,2.39,0.94
2022-07-06,5.8531,34.57,49.95,46.51,3.3,1.83
2022-07-07,6.6432,35.2,48.39,57.25,3.05,0.06
2022-07-08,6.798,36.16,45.96,59.93,1.74,0.01
2022-07-09,3.0336,32.89,55.44,91.42,2.88,4.06
2022-07-10,4.4062,32.35,57.0,94.06,1.94,0.17
2022-07-11,5.9141,34.47,52.85,46.05,1.6,2.68
2022-07-12,3.7778,33.32,59.13,77.4,1.68,19.25
2022-07-13,5.1305,34.47,54.07,66.81,1.51,0.15
2022-07-14,5.8051,34.35,51.59,61.52,3.37,0.19
2022-07-15,6.4927,35.0,46.73,36.81,3.99,0.25
2022-07-16,3.1966,33.12,56.32,90.58,3.08,11.37
2022-07-17,5.2418,34.61,53.58,83.35,2.41,0.72
2022-07-18,6.4589,35.56,51.19,32.23,1.85,0.52
2022-07-19,5.5956,35.77,51.94,76.04,1.31,1.61
2022-07-20,2.3633,32.27,70.18,98.68,1.17,15.97
2022-07-21,3.5558,29.13,81.61,97.57,1.12,10.44
2022-07-22,4.0678,31.17,68.34,97.1,1.66,2.23
2022-07-23,4.397,30.8,70.18,94.44,3.77,4.52
2022-07-24,5.2877,30.8,67.0,84.1,3.63,1.33
2022-07-25,5.5483,31.23,63.86,59.44,3.66,0.81
2022-07-26,5.0503,30.62,69.13,76.55,3.1,3.53
2022-07-27,4.5694,30.64,67.08,91.17,2.36,8.05
2022-07-28,4.7916,29.7,77.7,92.31,1.49,14.38
2022-07-29,3.305,29.5,78.73,98.63,1.29,8.73
2022-07-30,3.799,29.62,77.14,97.82,1.38,7.54
2022-07-31,4.4695,30.18,74.0,91.45,1.38,8.1
2022-08-01,5.0054,29.86,76.28,82.95,1.88,2.34
2022-08-02,6.0022,31.43,69.04,69.5,1.28,0.56
2022-08-03,4.4635,31.91,65.37,92.94,0.72,1.24
2022-08-04,3.5707,30.62,72.74,98.1,1.86,7.83
2022-08-05,3.2042,30.23,73.22,83.21,1.92,5.93
2022-08-06,3.8191,31.27,69.44,94.89,1.03,0.6
2022-08-07,1.5684,28.84,80.31,99.18,1.81,3.81
2022-08-08,5.9688,31.04,70.55,73.35,1.6,3.12
2022-08-09,5.9815,31.63,65.84,69.94,1.68,0.06
2022-08-10,6.3965,32.87,58.98,65.16,2.8,0.0
2022-08-11,2.5157,30.11,67.52,95.48,4.17,0.44
2022-08-12,6.1862,31.38,61.73,60.31,3.48,0.03
2022-08-13,5.22,31.8,62.51,66.54,2.95,0.0
2022-08-14,3.1094,31.25,67.19,90.65,1.75,2.59
2022-08-15,4.5828,29.16,72.1,85.68,3.08,9.71
2022-08-16,3.5376,29.98,67.42,70.29,5.79,0.95
2022-08-17,5.7283,30.54,65.89,59.65,3.52,0.08
2022-08-18,6.0722,31.77,63.11,43.05,2.09,0.0
2022-08-19,5.7686,31.6,64.2,74.08,2.59,1.72
2022-08-20,3.8834,30.25,68.16,92.42,0.76,3.61
2022-08-21,5.1564,31.2,60.06,89.16,1.44,0.72
2022-08-22,4.8974,32.14,61.29,95.19,2.47,0.78
2022-08-23,5.2961,31.06,62.5,67.43,5.12,0.4
2022-08-24,4.1669,30.26,65.17,94.53,2.94,2.03
2022-08-25,5.2058,31.33,60.99,45.59,1.21,0.17
2022-08-26,5.2615,31.39,60.74,37.42,2.47,0.0
2022-08-27,5.7163,31.51,59.53,49.68,3.32,0.0
2022-08-28,5.3561,31.76,56.93,80.68,2.42,0.09
2022-08-29,4.7786,31.79,57.25,80.36,0.76,2.6
2022-08-30,4.7479,31.12,65.19,77.7,1.02,7.39
2022-08-31,5.4403,32.82,57.54,46.92,1.84,0.01
2022-09-01,5.4024,33.06,57.59,66.9,1.45,0.52
2022-09-02,4.5658,32.32,57.34,85.03,0.77,3.61
2022-09-03,6.5309,32.29,54.97,20.36,2.47,0.01
2022-09-04,6.5964,33.12,50.68,7.92,2.38,0.0
2022-09-05,6.2455,32.43,54.32,9.62,1.65,0.02
2022-09-06,5.5385,32.52,51.71,27.36,1.35,0.0
2022-09-07,5.7386,32.84,49.65,16.12,1.62,0.0
2022-09-08,5.4528,32.13,50.67,11.18,1.11,0.02
2022-09-09,5.0174,32.52,52.12,19.73,0.91,0.21
2022-09-10,4.5139,31.58,65.32,39.41,1.47,5.38
2022-09-11,5.478,31.67,63.53,11.93,1.47,2.66
2022-09-12,5.7022,31.25,60.07,11.12,2.11,1.19
2022-09-13,5.34,31.07,60.18,48.02,3.28,0.56
2022-09-14,3.2455,29.87,64.6,88.39,3.86,2.81
2022-09-15,2.6359,27.75,80.04,93.27,3.43,11.97
2022-09-16,2.0407,26.96,82.39,93.67,2.34,14.08
2022-09-17,5.1041,29.02,69.68,36.48,1.86,3.74
2022-09-18,5.359,29.32,65.33,18.98,1.58,3.25
2022-09-19,3.5083,29.2,66.75,50.82,1.32,12.29
2022-09-20,3.8023,29.6,74.24,76.31,0.89,18.12
2022-09-21,2.4118,28.74,78.67,95.38,1.44,22.78
2022-09-22,1.6697,27.68,87.84,99.67,2.24,71.85
2022-09-23,1.6687,26.94,89.98,99.52,2.55,30.58
2022-09-24,1.2178,26.32,90.98,99.58,2.82,40.63
2022-09-25,3.5302,27.25,82.97,68.46,1.87,10.25
2022-09-26,5.0976,26.52,83.96,15.3,1.64,0.41
2022-09-27,5.6582,26.55,80.53,5.23,1.55,0.0
2022-09-28,5.4758,27.18,77.51,6.03,1.19,0.02
2022-09-29,5.491,26.93,78.98,3.16,1.32,0.0
2022-09-30,5.2754,26.49,82.0,4.33,1.39,0.0
2022-10-01,5.2694,26.85,74.76,6.08,1.34,0.0
2022-10-02,5.4996,26.28,73.05,1.55,1.54,0.0
2022-10-03,5.6266,25.04,75.61,0.8,2.35,0.0
2022-10-04,4.9718,26.22,72.23,21.67,1.23,0.0
2022-10-05,3.9113,27.65,76.26,32.37,0.99,0.06
2022-10-06,3.6454,25.75,86.38,61.32,1.26,2.66
2022-10-07,1.7846,24.71,91.74,97.73,1.52,6.17
2022-10-08,1.1674,24.6,93.26,99.71,2.44,21.9
2022-10-09,1.5662,24.15,94.75,94.01,3.98,66.86
2022-10-10,1.6154,24.5,90.14,95.5,2.27,23.96
2022-10-11,3.5866,24.94,81.36,55.2,0.78,7.26
2022-10-12,4.783,24.09,79.6,19.45,1.04,3.63
2022-10-13,5.215,22.83,80.26,0.15,1.54,0.0
2022-10-14,5.0825,22.22,78.83,0.15,1.65,0.0
2022-10-15,5.0282,23.33,71.25,0.16,1.1,0.0
2022-10-16,4.8324,24.21,63.27,0.56,0.7,0.0
2022-10-17,4.9567,23.28,66.79,0.26,1.03,0.0
2022-10-18,4.9531,23.44,60.22,0.03,0.97,0.0
2022-10-19,5.0868,22.77,68.26,0.49,1.01,0.0
2022-10-20,4.9142,22.7,71.88,2.23,1.06,0.0
2022-10-21,4.9282,23.26,64.43,0.94,1.41,0.0
2022-10-22,4.6459,22.24,65.23,0.08,1.3,0.0
2022-10-23,4.5475,21.91,61.67,0.28,0.88,0.0
2022-10-24,4.8202,21.03,68.06,1.6,1.56,0.0
2022-10-25,4.89,20.74,66.29,0.76,1.88,0.0
2022-10-26,4.7227,22.09,60.89,1.43,1.16,0.0
2022-10-27,4.5278,22.4,62.56,0.88,1.05,0.0
2022-10-28,4.2216,21.98,66.16,9.32,1.0,0.0
2022-10-29,3.7044,22.41,60.24,16.12,0.99,0.0
2022-10-30,3.937,21.59,56.42,14.21,0.93,0.0
2022-10-31,4.0068,21.64,61.93,2.83,0.95,0.0
2022-11-01,3.9084,21.38,71.77,0.44,1.12,0.0
2022-11-02,4.0596,21.47,77.83,4.67,1.35,0.0
2022-11-03,3.5784,21.2,74.07,17.57,1.71,0.0
2022-11-04,3.45,21.73,76.75,11.84,1.21,0.0
2022-11-05,3.551,20.5,88.03,3.91,1.87,0.0
2022-11-06,3.7046,21.3,86.38,57.78,1.3,0.0
2022-11-07,3.972,22.41,84.69,30.53,0.99,0.0
2022-11-08,2.7938,20.92,83.85,57.84,1.26,0.0
2022-11-09,3.2892,21.43,76.08,28.48,0.94,0.0
2022-11-10,3.1066,21.16,72.78,24.37,1.11,0.0
2022-11-11,3.6089,18.5,73.22,0.49,2.33,0.0
2022-11-12,4.2079,17.99,67.72,1.54,2.45,0.0
2022-11-13,3.8724,18.45,64.46,18.23,1.86,0.0
2022-11-14,3.7409,19.06,66.62,34.13,1.42,0.0
2022-11-15,3.4651,19.16,73.5,35.09,1.57,0.0
2022-11-16,3.558,18.0,72.76,3.21,2.18,0.0
2022-11-17,3.9122,16.44,69.83,3.26,2.39,0.0
2022-11-18,4.0618,16.49,63.39,11.87,1.66,0.0
2022-11-19,3.7649,16.82,60.4,20.39,1.03,0.0
2022-11-20,3.6108,16.15,66.17,15.66,1.65,0.0
2022-11-21,3.973,16.4,68.49,3.39,2.14,0.0
2022-11-22,4.1928,15.99,60.63,24.36,1.96,0.0
2022-11-23,4.1784,15.54,58.18,25.65,2.23,0.0
2022-11-24,4.1378,16.42,52.61,32.72,1.82,0.0
2022-11-25,4.0162,17.31,52.16,21.32,1.27,0.0
2022-11-26,3.875,15.76,60.37,25.12,2.09,0.0
2022-11-27,3.816,16.13,56.38,16.58,1.47,0.0
2022-11-28,3.6264,17.05,49.98,26.76,1.21,0.0
2022-11-29,3.2854,17.26,49.01,33.47,0.89,0.0
2022-11-30,3.0358,16.42,63.59,16.94,1.36,0.0
2022-12-01,3.4118,16.42,59.76,2.56,1.53,0.0
2022-12-02,3.3514,17.49,53.26,8.36,0.84,0.0
2022-12-03,3.151,17.39,54.64,9.03,0.63,0.0
2022-12-04,2.8594,16.67,59.55,9.68,1.32,0.0
2022-12-05,3.4601,15.57,55.02,8.52,1.48,0.0
2022-12-06,3.6446,14.0,59.95,4.89,2.34,0.0
2022-12-07,3.8261,13.56,58.49,5.82,2.7,0.0
2022-12-08,3.6698,14.21,58.2,9.83,1.92,0.0
2022-12-09,3.6014,16.09,56.67,1.27,1.6,0.0
2022-12-10,3.497,16.56,65.35,1.87,1.66,0.0
2022-12-11,3.7414,16.66,62.05,0.96,1.99,0.0
2022-12-12,3.959,16.45,57.36,0.04,2.4,0.0
2022-12-13,4.0212,16.07,54.98,0.15,3.15,0.0
2022-12-14,4.0841,14.37,56.61,0.24,3.04,0.0
2022-12-15,4.0778,13.24,52.39,0.31,2.16,0.0
2022-12-16,3.9305,14.14,50.0,0.47,1.77,0.0
2022-12-17,3.7474,14.69,46.65,9.99,1.59,0.0
2022-12-18,3.2477,14.48,50.25,27.75,1.43,0.0
2022-12-19,2.8166,14.11,53.82,45.97,1.41,0.0
2022-12-20,2.9945,13.47,55.09,46.94,1.66,0.0
2022-12-21,3.1363,13.39,56.14,44.88,1.41,0.0
2022-12-22,2.9234,12.6,56.6,40.01,1.74,0.0
2022-12-23,2.8178,13.02,55.67,36.94,1.4,0.0
2022-12-24,3.025,11.84,57.56,6.24,2.5,0.0
2022-12-25,3.0077,10.11,59.78,48.75,2.17,0.0
2022-12-26,1.739,11.23,59.02,63.9,1.74,0.0
2022-12-27,2.9873,11.67,52.94,45.73,2.84,0.0
2022-12-28,3.8155,12.54,48.07,2.53,3.33,0.0
2022-12-29,3.2162,14.02,53.38,42.05,1.45,0.0
2022-12-30,2.3112,14.9,58.05,48.0,1.44,0.0
2022-12-31,3.0643,12.67,68.97,34.33,2.51,0.0
2023-01-01,3.0706,12.9,49.9,42.3,1.03,0.0
2023-01-02,1.849,12.26,51.83,83.55,1.09,0.0
2023-01-03,1.9087,9.98,54.61,69.45,1.73,0.0
2023-01-04,1.931,8.57,58.24,62.24,1.55,0.0
2023-01-05,1.7275,8.75,59.63,73.38,1.5,0.0
2023-01-06,2.359,8.74,54.41,66.88,1.41,0.0
2023-01-07,2.928,9.69,48.08,50.04,1.81,0.0
2023-01-08,2.6076,12.35,44.61,54.59,1.89,0.0
2023-01-09,2.2094,13.14,47.41,92.28,1.49,0.0
2023-01-10,2.4528,12.82,53.16,55.46,1.79,0.0
2023-01-11,2.5339,13.51,64.57,71.47,1.45,0.07
2023-01-12,3.1118,13.82,73.58,55.11,1.8,9.38
2023-01-13,2.1934,16.43,73.27,72.48,1.76,0.09
2023-01-14,2.8246,12.35,56.25,51.47,2.37,0.02
2023-01-15,4.3116,7.77,39.37,7.95,2.21,0.0
2023-01-16,4.1911,8.92,42.56,1.91,1.91,0.0
2023-01-17,4.129,8.98,42.16,1.48,2.06,0.0
2023-01-18,4.0874,9.25,37.57,13.54,1.51,0.0
2023-01-19,3.5753,11.7,44.03,69.24,0.98,0.0
2023-01-20,3.1001,13.01,55.44,40.94,1.24,0.05
2023-01-21,3.1925,14.18,59.32,4.73,0.87,0.0
2023-01-22,2.802,15.17,52.26,18.47,1.03,0.0
2023-01-23,2.9232,16.07,52.71,26.99,1.29,0.35
2023-01-24,1.5062,15.89,80.09,82.28,2.39,4.43
2023-01-25,1.087,16.17,80.75,75.68,1.29,0.11
2023-01-26,1.7513,14.78,61.48,57.5,2.37,0.06
2023-01-27,4.1558,11.84,49.23,1.09,2.44,0.0
2023-01-28,4.614,13.1,40.56,3.74,2.03,0.0
2023-01-29,0.948,14.95,45.38,91.91,1.71,0.0
2023-01-30,1.9882,13.12,71.39,80.9,1.62,12.34
2023-01-31,3.5784,14.2,75.93,49.95,2.73,0.0
2023-02-01,4.8019,13.03,60.64,22.93,2.96,0.0
2023-02-02,4.8605,14.1,51.38,0.37,2.79,0.0
2023-02-03,4.6536,15.01,49.12,0.14,2.22,0.0
2023-02-04,4.6913,16.33,47.67,0.25,2.57,0.0
2023-02-05,4.759,17.03,54.52,0.46,2.24,0.0
2023-02-06,4.663,18.89,43.21,5.04,1.49,0.0
2023-02-07,4.589,17.33,48.27,2.03,2.49,0.0
2023-02-08,4.8955,15.54,41.86,22.78,2.34,0.0
2023-02-09,4.7935,17.4,37.91,21.17,1.69,0.0
2023-02-10,4.7196,18.28,48.72,9.15,1.65,0.0
2023-02-11,4.4126,18.34,48.9,13.35,1.88,0.0
2023-02-12,5.2339,15.02,35.73,0.02,2.94,0.0
2023-02-13,5.436,14.46,30.08,0.76,4.38,0.0
2023-02-14,4.957,16.48,31.98,3.42,2.89,0.0
2023-02-15,5.1334,18.5,39.76,0.36,2.82,0.0
2023-02-16,4.7059,19.38,45.6,41.8,1.16,0.0
2023-02-17,4.175,21.16,44.72,73.57,1.08,0.0
2023-02-18,4.8288,21.1,40.2,20.13,1.36,0.0
2023-02-19,4.6927,22.42,30.93,50.44,0.92,0.0
2023-02-20,4.8874,22.51,35.46,49.13,1.47,0.0
2023-02-21,5.233,20.51,38.61,10.58,1.43,0.0
2023-02-22,4.1969,20.45,39.34,36.38,1.8,0.03
2023-02-23,5.4458,19.66,34.42,1.15,2.4,0.0
2023-02-24,4.8199,19.93,34.05,32.87,1.88,0.0
2023-02-25,5.3117,21.51,35.53,0.26,1.46,0.0
2023-02-26,5.219,23.46,31.11,2.02,1.07,0.0
2023-02-27,5.1809,23.2,36.6,11.2,1.37,0.0
2023-02-28,4.885,22.43,39.87,40.85,1.25,0.0
2023-03-01,4.0937,22.61,39.55,57.7,1.2,0.0
2023-03-02,5.3117,23.1,41.26,6.32,1.84,0.0
2023-03-03,5.4098,23.72,43.25,1.15,2.5,0.0
2023-03-04,3.4694,22.69,41.03,58.87,2.2,0.0
2023-03-05,5.5831,22.69,40.7,18.95,2.17,0.0
2023-03-06,5.8531,22.67,37.77,9.51,2.23,0.0
2023-03-07,5.5368,23.2,33.66,33.06,1.5,0.0
2023-03-08,5.165,24.22,32.63,40.59,0.99,0.02
2023-03-09,4.6795,23.56,41.47,43.66,0.68,2.46
2023-03-10,5.4799,23.32,38.86,0.98,1.47,0.0
2023-03-11,5.7888,24.21,30.56,2.93,1.27,0.0
2023-03-12,5.8301,25.53,31.8,16.05,1.06,0.0
2023-03-13,4.9498,24.72,36.35,44.17,1.17,0.0
2023-03-14,5.7737,25.13,37.5,3.4,1.68,0.0
2023-03-15,5.3234,26.49,31.49,54.26,0.92,0.0
2023-03-16,3.9216,25.37,35.87,85.88,2.41,0.0
2023-03-17,3.4195,24.25,46.96,76.73,1.94,0.22
2023-03-18,2.7504,21.62,61.9,91.24,1.42,6.03
2023-03-19,4.4347,23.36,53.65,77.22,1.08,1.49
2023-03-20,2.8474,20.68,68.31,98.91,0.86,19.76
2023-03-21,3.917,20.28,72.56,60.42,1.23,12.13
2023-03-22,5.063,21.96,55.12,49.29,1.42,0.03
2023-03-23,5.9832,23.38,48.37,22.8,1.89,0.03
2023-03-24,3.3989,24.32,52.51,73.26,1.75,7.29
2023-03-25,5.7487,23.57,57.77,24.96,1.69,1.45
2023-03-26,6.0355,24.1,46.74,5.95,2.4,0.0
2023-03-27,6.4301,22.77,43.64,1.64,2.54,0.0
2023-03-28,6.5054,23.61,40.02,14.49,2.17,0.0
2023-03-29,5.1557,26.11,36.38,59.34,1.06,0.0
2023-03-30,5.1943,25.95,46.76,57.4,1.52,6.05
2023-03-31,4.7059,21.15,76.48,83.49,1.28,11.53
2023-04-01,6.1466,22.84,61.31,26.08,1.44,3.83
2023-04-02,5.6446,24.2,51.41,29.55,1.81,0.0
2023-04-03,6.3432,26.08,47.68,10.43,1.23,4.62
2023-04-04,6.3442,24.87,50.88,34.22,2.24,0.01
2023-04-05,6.6713,24.94,42.52,5.93,2.25,0.0
2023-04-06,6.888,25.28,34.95,22.03,2.92,0.0
2023-04-07,6.6271,25.12,32.25,0.25,3.08,0.0
2023-04-08,7.2014,24.95,28.27,2.34,2.26,0.0
2023-04-09,7.2125,26.06,28.85,0.14,1.85,0.0
2023-04-10,6.8448,26.28,29.81,15.39,2.17,0.0
2023-04-11,7.1503,27.73,31.24,14.04,2.6,0.0
2023-04-12,6.493,29.67,33.94,38.07,2.79,0.0
2023-04-13,7.0416,29.32,32.07,23.08,2.32,0.0
2023-04-14,6.6024,30.25,28.77,41.14,1.73,0.0
2023-04-15,7.086,31.56,25.2,7.26,1.31,0.0
2023-04-16,6.6302,32.03,28.85,28.56,1.5,0.0
2023-04-17,7.3202,32.95,25.81,4.29,1.71,0.0
2023-04-18,7.0051,32.3,30.89,22.09,1.98,0.0
2023-04-19,6.3691,30.95,37.44,59.05,2.13,0.04
2023-04-20,6.2126,30.07,41.33,70.0,1.92,0.59
2023-04-21,6.2249,28.83,38.65,43.67,1.41,1.42
2023-04-22,7.1837,28.12,32.02,23.49,1.72,0.25
2023-04-23,4.7148,25.39,35.22,76.01,2.76,0.02
2023-04-24,5.7444,26.77,37.8,43.95,1.91,0.01
2023-04-25,6.6463,27.75,32.79,20.83,1.5,0.0
2023-04-26,5.7785,29.53,31.43,54.0,0.87,0.0
2023-04-27,5.569,28.14,35.13,56.18,2.35,0.31
2023-04-28,3.6036,28.32,38.21,81.92,1.31,0.26
2023-04-29,3.7274,27.53,43.24,95.75,2.1,1.41
2023-04-30,3.427,25.92,57.83,96.11,1.15,5.75
2023-05-01,2.1509,22.81,74.94,92.17,3.04,16.65
2023-05-02,3.8986,23.67,72.98,80.55,2.13,5.03
2023-05-03,4.0584,25.5,61.79,63.84,1.18,7.91
2023-05-04,6.7666,27.78,50.06,11.2,0.88,4.45
2023-05-05,6.3809,27.85,42.94,18.58,1.7,0.0
2023-05-06,5.9287,29.67,40.17,13.65,2.49,0.0
2023-05-07,6.6036,31.39,34.03,19.86,1.64,0.0
2023-05-08,7.0946,31.34,28.25,34.63,1.75,1.02
2023-05-09,7.8314,28.92,26.05,3.26,2.9,0.24
2023-05-10,7.9879,28.78,25.28,0.05,2.91,0.0
2023-05-11,7.7698,30.73,22.89,1.52,1.42,0.0
2023-05-12,7.6248,31.0,22.11,1.94,1.47,0.0
2023-05-13,7.2559,33.0,23.93,14.62,1.35,0.0
2023-05-14,6.5911,34.06,23.48,44.56,1.78,0.0
2023-05-15,7.2432,33.55,26.34,34.11,2.78,0.01
2023-05-16,5.7773,33.41,27.27,54.4,3.6,0.01
2023-05-17,5.9479,34.15,30.84,55.27,2.56,0.0
2023-05-18,6.9478,31.87,40.45,49.93,3.26,4.57
2023-05-19,7.7438,31.81,33.65,2.76,3.88,0.0
2023-05-20,7.7467,32.92,28.84,3.08,2.95,0.0
2023-05-21,7.4148,35.13,23.75,2.73,1.75,0.0
2023-05-22,7.2893,35.86,26.36,11.76,4.01,0.0
2023-05-23,6.8477,36.99,27.02,51.88,3.42,0.22
2023-05-24,4.3452,34.53,35.4,91.51,1.79,0.92
2023-05-25,6.6742,32.83,40.34,69.49,1.61,5.23
2023-05-26,6.4414,29.28,56.46,43.5,1.91,14.38
2023-05-27,5.4828,30.39,49.56,43.54,2.1,2.29
2023-05-28,5.8339,29.96,46.21,61.34,1.54,0.72
2023-05-29,4.8854,30.75,47.53,54.55,1.67,0.52
2023-05-30,6.4526,30.95,46.19,60.37,1.97,1.83
2023-05-31,6.3583,28.78,52.24,39.14,2.88,3.11
2023-06-01,5.6066,29.85,45.75,50.61,2.56,0.01
2023-06-02,7.2914,30.62,43.61,34.11,3.05,0.01
2023-06-03,7.439,31.11,38.11,35.76,2.79,0.12
2023-06-04,4.4054,28.31,44.91,89.02,1.74,0.51
2023-06-05,6.8832,32.41,38.38,37.15,2.47,0.11
2023-06-06,6.8004,33.34,35.91,60.28,1.78,0.01
2023-06-07,7.1326,33.67,33.3,32.63,2.15,0.0
2023-06-08,7.0534,34.33,33.32,51.91,3.19,0.0
2023-06-09,7.3123,35.76,32.22,48.3,2.88,0.13
2023-06-10,7.0382,36.9,34.46,26.54,2.99,0.44
2023-06-11,7.1081,36.48,35.48,39.16,3.7,0.0
2023-06-12,6.9454,36.84,34.05,52.37,3.85,0.0
2023-06-13,7.5607,38.15,32.25,38.16,5.01,0.0
2023-06-14,7.5067,37.41,32.56,52.58,5.61,0.0
2023-06-15,6.5059,35.85,37.49,37.04,4.89,0.02
2023-06-16,5.7166,35.69,40.38,51.3,2.78,0.9
2023-06-17,5.7811,35.92,38.57,83.95,2.46,0.88
2023-06-18,5.952,34.84,43.29,64.03,2.07,1.07
2023-06-19,3.2506,34.09,49.0,95.17,3.4,2.07
2023-06-20,6.2974,33.85,53.21,46.57,2.34,7.96
2023-06-21,5.2639,33.7,52.31,45.94,1.5,1.37
2023-06-22,5.2829,34.97,53.23,62.17,1.62,3.62
2023-06-23,4.5178,35.7,51.88,87.65,1.51,1.24
2023-06-24,3.378,33.25,61.75,98.5,2.04,14.64
2023-06-25,1.2562,30.18,75.39,98.86,1.35,13.27
2023-06-26,3.6425,31.51,64.3,97.06,1.82,6.32
2023-06-27,4.9092,31.99,58.87,75.67,1.74,4.99
2023-06-28,4.9634,32.08,62.15,82.17,2.34,10.35
2023-06-29,4.4066,31.34,65.67,85.1,2.69,11.14
2023-06-30,4.7052,30.53,71.64,93.96,2.2,11.1
2023-07-01,5.1842,30.63,67.02,74.33,1.99,3.63
2023-07-02,5.4358,32.32,60.67,65.1,1.84,0.02
2023-07-03,6.0828,33.95,51.79,64.68,1.58,0.07
2023-07-04,4.3003,34.74,52.13,91.28,1.72,0.73
2023-07-05,4.771,32.83,61.69,97.71,2.23,9.82
2023-07-06,3.3293,29.63,77.8,97.25,2.35,14.23
2023-07-07,4.3198,30.36,74.44,90.99,2.09,10.4
2023-07-08,2.233,29.26,83.53,99.31,2.85,25.13
2023-07-09,2.73,29.71,83.7,98.3,2.48,48.55
2023-07-10,3.5786,30.42,80.0,98.56,1.8,17.74
2023-07-11,3.7027,30.64,77.05,96.47,1.02,13.64
2023-07-12,4.1808,30.4,79.2,77.3,0.95,19.17
2023-07-13,4.571,29.91,79.74,78.31,1.82,5.79
2023-07-14,3.8376,29.44,81.43,72.79,0.67,4.87
2023-07-15,3.3977,29.23,81.91,90.02,1.26,4.79
2023-07-16,5.0786,30.7,73.97,78.33,0.63,3.91
2023-07-17,4.0428,31.66,72.45,89.08,0.87,3.23
2023-07-18,2.79,29.79,83.76,98.69,2.01,18.48
2023-07-19,5.7002,29.57,80.5,77.7,2.15,3.67
2023-07-20,6.6058,31.64,74.25,63.12,1.28,0.0
2023-07-21,4.4527,31.28,77.04,93.15,1.56,1.39
2023-07-22,5.1252,30.22,79.53,85.45,3.0,4.41
2023-07-23,5.9998,30.04,79.24,81.75,2.68,0.1
2023-07-24,6.2683,30.43,76.87,63.23,2.38,0.96
2023-07-25,4.8979,30.3,81.69,98.51,1.37,13.29
2023-07-26,2.1156,30.28,79.43,95.46,1.13,28.38
2023-07-27,5.1775,29.08,86.57,87.82,0.91,16.52
2023-07-28,3.9295,28.54,84.17,96.82,0.84,18.2
2023-07-29,4.1098,29.03,85.31,92.44,0.91,4.29
2023-07-30,5.6434,29.48,85.38,64.33,1.13,0.62
2023-07-31,5.4631,30.09,80.36,75.67,1.61,0.35
2023-08-01,6.4584,30.44,79.04,50.0,2.09,0.11
2023-08-02,4.7489,30.3,81.74,86.28,1.69,0.82
2023-08-03,4.9675,30.04,82.98,79.37,1.43,4.19
2023-08-04,2.85,29.47,86.9,95.51,1.25,44.34
2023-08-05,3.7608,29.14,87.47,96.31,1.99,20.5
2023-08-06,5.627,29.54,82.55,86.03,2.66,9.81
2023-08-07,4.7496,29.09,83.21,83.39,3.29,1.62
2023-08-08,4.596,29.18,83.34,98.05,3.26,0.13
2023-08-09,4.5809,29.4,82.24,85.42,2.47,2.0
2023-08-10,4.6927,29.41,80.94,92.26,1.88,2.07
2023-08-11,5.5046,29.61,79.76,61.47,1.71,0.73
2023-08-12,6.2587,29.26,77.8,58.56,2.59,0.0
2023-08-13,4.5031,29.14,79.32,94.99,2.72,0.07
2023-08-14,4.2653,27.32,84.72,97.5,1.94,0.09
2023-08-15,4.4794,29.0,79.44,85.62,0.74,1.63
2023-08-16,5.4125,29.69,78.71,69.47,1.73,1.68
2023-08-17,5.9333,30.09,78.77,70.36,2.19,0.27
2023-08-18,5.863,30.16,79.09,66.09,1.58,0.87
2023-08-19,3.7582,29.79,83.55,84.63,1.38,12.32
2023-08-20,6.085,30.75,76.48,63.57,1.51,0.32
2023-08-21,5.6045,30.84,74.77,74.33,1.01,1.21
2023-08-22,2.9712,29.98,83.99,99.04,1.47,14.31
2023-08-23,0.7843,28.24,88.99,99.7,2.22,44.32
2023-08-24,4.1777,28.21,82.74,98.75,2.15,0.83
2023-08-25,5.4744,28.5,79.39,49.6,2.45,0.1
2023-08-26,5.7442,28.9,76.79,46.89,2.48,0.0
2023-08-27,5.8356,28.74,75.44,53.45,2.54,0.27
2023-08-28,5.5814,29.43,75.67,55.15,2.13,0.13
2023-08-29,6.0814,29.29,75.3,50.51,1.94,0.0
2023-08-30,6.0269,29.1,76.36,54.44,1.72,0.01
2023-08-31,6.0252,29.34,74.95,57.99,1.43,0.0
2023-09-01,6.1046,29.48,70.49,23.86,1.87,0.0
2023-09-02,6.5234,28.86,69.4,2.36,2.15,0.0
2023-09-03,6.6182,28.73,67.26,2.44,1.8,0.0
2023-09-04,6.4594,29.01,68.92,2.4,1.99,0.0
2023-09-05,6.1351,29.8,73.61,20.25,1.42,1.03
2023-09-06,4.2245,30.11,69.81,63.63,1.42,0.12
2023-09-07,5.6858,30.38,66.06,37.77,1.43,0.4
2023-09-08,5.1353,29.12,72.01,66.32,1.53,6.64
2023-09-09,3.1711,27.89,83.45,99.32,2.49,17.32
2023-09-10,2.639,27.04,90.71,96.94,2.52,72.53
2023-09-11,4.3082,27.48,85.42,55.73,1.99,0.91
2023-09-12,4.7938,28.31,82.44,34.09,1.34,0.05
2023-09-13,4.8866,29.06,82.63,33.82,0.85,0.01
2023-09-14,5.111,29.45,83.88,40.72,1.26,7.07
2023-09-15,3.8407,28.93,84.72,94.03,1.55,1.69
2023-09-16,2.9573,26.82,87.34,95.5,3.12,13.32
2023-09-17,4.0807,26.98,89.83,69.05,3.22,6.67
2023-09-18,5.4024,27.24,84.07,43.91,3.52,0.15
2023-09-19,5.725,28.35,81.18,43.21,1.87,0.18
2023-09-20,5.429,29.3,77.3,14.48,0.85,0.0
2023-09-21,4.7767,29.58,76.85,43.92,0.88,0.16
2023-09-22,5.0549,29.17,78.5,23.31,1.06,1.54
2023-09-23,3.8275,28.81,80.88,29.67,1.16,8.31
2023-09-24,4.1249,28.26,79.68,38.62,0.99,2.33
2023-09-25,5.3609,28.61,74.11,10.38,0.85,0.0
2023-09-26,5.3134,27.77,73.99,4.25,1.12,0.0
2023-09-27,5.6443,26.75,73.12,2.32,1.57,0.0
2023-09-28,5.7991,25.73,73.62,10.33,1.48,0.0
2023-09-29,5.7343,25.83,63.19,7.93,1.15,0.0
2023-09-30,5.6186,26.26,61.83,4.6,1.77,0.0
2023-10-01,5.3038,25.55,62.69,15.89,1.9,0.0
2023-10-02,5.6604,25.44,58.1,3.09,2.13,0.0
2023-10-03,5.7799,24.21,54.42,1.95,2.11,0.0
2023-10-04,5.6294,24.48,59.09,5.01,1.94,0.0
2023-10-05,5.6566,25.43,62.27,7.59,1.63,0.0
2023-10-06,5.7629,25.17,59.55,0.63,1.78,0.0
2023-10-07,5.5255,26.32,59.96,0.62,1.38,0.0
2023-10-08,5.4271,27.71,58.28,0.53,1.45,0.0
2023-10-09,5.2634,28.38,61.7,6.84,1.46,0.0
2023-10-10,5.2466,27.98,62.97,2.66,1.03,0.0
2023-10-11,5.443,25.97,57.89,1.08,1.96,0.0
2023-10-12,5.3894,25.37,54.62,0.5,1.41,0.0
2023-10-13,5.141,26.34,50.78,1.07,1.32,0.0
2023-10-14,4.9361,27.22,49.83,3.82,1.28,0.0
2023-10-15,4.4597,26.61,54.6,23.88,0.91,0.0
2023-10-16,3.3792,23.96,69.61,70.88,2.28,4.31
2023-10-17,2.7847,23.67,62.92,75.2,1.94,4.82
2023-10-18,4.7347,22.55,62.52,25.91,2.16,0.0
2023-10-19,5.0645,22.6,59.88,0.4,1.91,0.0
2023-10-20,4.823,22.74,59.19,2.64,1.49,0.0
2023-10-21,4.6135,22.61,54.65,9.54,1.37,0.0
2023-10-22,4.3512,23.49,49.86,24.3,1.22,0.0
2023-10-23,4.3966,23.12,58.36,0.72,1.53,0.0
2023-10-24,4.403,23.67,57.87,0.69,1.47,0.0
2023-10-25,4.3603,23.59,56.08,3.55,1.74,0.0
2023-10-26,4.5991,23.14,56.8,3.8,1.64,0.0
2023-10-27,4.6858,23.26,46.05,5.74,1.44,0.0
2023-10-28,3.9223,24.05,46.53,36.71,1.2,0.0
2023-10-29,4.2878,24.41,46.55,9.48,1.16,0.0
2023-10-30,4.1561,24.15,51.63,1.77,1.21,0.0
2023-10-31,3.6442,24.23,52.61,17.0,1.08,0.0
2023-11-01,3.8654,25.21,45.91,6.44,0.97,0.0
2023-11-02,3.5741,23.52,48.95,7.48,1.22,0.0
2023-11-03,3.0338,23.21,52.72,8.83,1.19,0.0
2023-11-04,2.928,23.43,54.4,22.9,1.47,0.0
2023-11-05,2.455,22.91,44.19,30.46,0.93,0.0
2023-11-06,3.1147,22.99,40.14,14.15,1.05,0.0
2023-11-07,3.3228,22.76,40.98,0.45,1.04,0.0
2023-11-08,3.277,22.62,54.16,9.07,1.28,0.0
2023-11-09,2.893,23.5,53.03,19.23,1.37,0.0
2023-11-10,1.7489,21.76,60.4,78.92,1.33,4.85
2023-11-11,3.545,19.86,62.83,3.99,2.09,0.25
2023-11-12,3.9943,19.69,62.63,1.33,1.97,0.0
2023-11-13,3.3962,19.56,55.34,45.02,1.31,0.0
2023-11-14,2.3395,19.23,49.58,80.45,1.37,0.0
2023-11-15,2.701,18.79,56.24,3.36,1.4,0.0
2023-11-16,2.5246,20.29,54.99,10.83,1.07,0.0
2023-11-17,2.7547,20.89,54.19,19.28,1.18,0.0
2023-11-18,2.963,20.1,50.87,4.0,1.21,0.0
2023-11-19,2.9527,19.81,47.51,1.52,1.01,0.0
2023-11-20,2.8186,19.73,51.79,0.46,1.41,0.0
2023-11-21,2.8802,18.79,58.46,8.87,2.32,0.0
2023-11-22,3.1171,17.72,57.83,13.85,2.07,0.0
2023-11-23,3.4181,19.14,45.43,3.67,0.85,0.0
2023-11-24,3.0636,18.96,45.35,8.65,0.83,0.0
2023-11-25,2.5428,19.05,46.12,53.34,1.01,0.0
2023-11-26,2.4629,18.74,49.09,92.98,1.18,0.0
2023-11-27,1.3937,17.36,53.86,93.03,1.7,0.14
2023-11-28,1.3522,18.6,54.48,72.15,1.23,2.24
2023-11-29,2.3726,18.52,58.2,11.68,1.09,0.09
2023-11-30,2.237,19.59,62.39,28.77,1.19,0.0
2023-12-01,2.5951,20.56,62.8,26.07,0.82,0.0
2023-12-02,2.8579,18.99,63.91,14.57,1.13,0.0
2023-12-03,2.7934,18.8,59.65,47.07,1.21,0.47
2023-12-04,2.4785,19.11,62.34,42.1,1.11,0.98
2023-12-05,3.4346,18.09,58.35,1.27,1.74,0.1
2023-12-06,3.4651,18.16,52.21,1.5,1.27,0.0
2023-12-07,3.0362,18.32,50.68,5.37,1.27,0.0
2023-12-08,3.1351,17.01,51.16,5.19,1.79,0.0
2023-12-09,3.4639,16.11,46.4,1.4,2.05,0.0
2023-12-10,3.6518,15.25,45.78,11.5,2.45,0.0
2023-12-11,3.4882,15.48,40.43,1.41,1.11,0.0
2023-12-12,3.1442,15.92,41.94,9.08,0.94,0.0
2023-12-13,3.3746,15.54,41.68,9.34,1.33,0.0
2023-12-14,3.0679,14.26,48.47,46.02,2.13,0.0
2023-12-15,3.4104,16.05,44.56,25.73,1.15,0.0
2023-12-16,3.4637,15.46,45.53,13.44,1.16,0.0
2023-12-17,3.2364,14.65,49.26,3.56,1.58,0.0
2023-12-18,3.5424,13.86,54.58,1.85,2.76,0.0
2023-12-19,3.9072,13.17,47.23,9.68,2.63,0.0
2023-12-20,3.1034,12.97,44.1,73.37,1.82,0.0
2023-12-21,3.401,13.14,43.66,50.82,1.84,0.0
2023-12-22,3.1469,14.89,41.04,49.07,0.96,0.0
2023-12-23,2.6981,16.27,43.96,27.44,1.43,0.0
2023-12-24,2.5402,16.72,51.16,11.69,0.93,0.0
2023-12-25,2.8267,15.17,54.15,13.46,1.7,0.0
2023-12-26,2.6172,15.28,55.02,54.83,1.47,0.0
2023-12-27,2.0484,15.23,55.52,75.58,1.02,0.0
2023-12-28,1.9092,14.45,58.29,80.79,0.84,0.0
2023-12-29,0.9823,15.35,51.45,97.05,0.98,0.0
2023-12-30,1.4146,14.8,51.85,93.74,1.06,0.0
2023-12-31,0.6799,13.8,49.72,98.93,0.87,0.0
